zip,city,name,alias,state,locale,search,branches,men_only,operating,ownership,region_id,accreditor,school_url,state_fips,women_only,main_campus,online_only,carnegie_basic,faculty_salary,ownership_peps,accreditor_code,ft_faculty_rate,carnegie_undergrad,degree_urbanization,under_investigation,price_calculator_url,carnegie_size_setting,minority_serving,religious_affiliation,open_admissions_policy,title_iv,degrees_awarded,tuition_revenue_per_fte,instructional_expenditure_per_fte,institutional_characteristics
94105,San Francisco,Academy of Art University,,CA,11,Academy of Art University,1,0,1,3,8,Western Association of Schools and Colleges Senior Colleges and University Commission,www.academyart.edu,6,0,1,0,18,8492,3,WASCSR,0.2147,5,,0,https://npc.collegeboard.org/student/app/academyart,12,"{""annh"":0,""nant"":0,""aanipi"":0,""tribal"":0,""hispanic"":0,""historically_black"":0,""predominantly_black"":0}",,1,"{""approval_date"":""12/28/1983"",""eligibility_type"":1}","{""highest"":4,""predominant"":3,""predominant_recoded"":3}",31908,16263,"{""level"":1}"
91103,Pasadena,Art Center College of Design,,CA,12,Art Center College of Design,1,0,1,2,8,Western Association of Schools and Colleges Senior Colleges and University Commission,www.artcenter.edu,6,0,1,0,30,7776,2,WASCSR,0.2643,13,,0,https://tcc.ruffalonl.com/Art-Center-College-of-Design/Freshman-Calculator,9,"{""annh"":0,""nant"":0,""aanipi"":0,""tribal"":0,""hispanic"":0,""historically_black"":0,""predominantly_black"":0}",,2,"{""approval_date"":""12/19/1965"",""eligibility_type"":1}","{""highest"":4,""predominant"":3,""predominant_recoded"":3}",34648,21748,"{""level"":1}"
91702-7000,Azusa,Azusa Pacific University,,CA,21,Azusa Pacific University,1,0,1,2,8,Western Association of Schools and Colleges Senior Colleges and University Commission,www.apu.edu,6,0,1,0,16,9160,2,WASCSR,0.4042,13,,0,https://www.apu.edu/undergraduate-admissions/financialaid/calculator/,14,"{""annh"":0,""nant"":0,""aanipi"":1,""tribal"":0,""hispanic"":1,""historically_black"":0,""predominantly_black"":0}",88,2,"{""approval_date"":""12/1/1965"",""eligibility_type"":1}","{""highest"":4,""predominant"":3,""predominant_recoded"":3}",19919,11405,"{""level"":1}"
92801,Anaheim,Bethesda University,Bethesda University,CA,11,Bethesda University Bethesda University,1,0,1,2,8,Transnational Association of Christian Colleges and Schools,www.buc.edu,6,0,1,0,24,,2,TRACS,,10,,0,www.buc.edu,6,"{""annh"":0,""nant"":0,""aanipi"":0,""tribal"":0,""hispanic"":0,""historically_black"":0,""predominantly_black"":0}",99,1,"{""approval_date"":""2/1/1999"",""eligibility_type"":1}","{""highest"":4,""predominant"":3,""predominant_recoded"":3}",6413,968,"{""level"":1}"
90639-0001,La Mirada,Biola University,,CA,21,Biola University,1,0,1,2,8,Western Association of Schools and Colleges Senior Colleges and University Commission,https://www.biola.edu,6,0,1,0,17,9348,2,WASCSR,1,13,,0,https://www.biola.edu/undergrad/financial-aid/net-price-calculator#net-price,14,"{""annh"":0,""nant"":0,""aanipi"":0,""tribal"":0,""hispanic"":0,""historically_black"":0,""predominantly_black"":0}",88,2,"{""approval_date"":""12/1/1965"",""eligibility_type"":1}","{""highest"":4,""predominant"":3,""predominant_recoded"":3}",22560,12059,"{""level"":1}"
94103,San Francisco,California Institute of Integral Studies,CIIS,CA,11,California Institute of Integral Studies CIIS,1,0,1,2,8,Western Association of Schools and Colleges Senior Colleges and University Commission,www.ciis.edu,6,0,1,0,17,8314,2,WASCSR,0.2906,11,,0,https://my.ciis.edu/ICS/Financial_Aid/Forms_and_Resources.jnz?portlet=Budget_Calculator&_ga=2.122314440.273392424.1504792767-1278539770.1487619126,9,"{""annh"":0,""nant"":0,""aanipi"":0,""tribal"":0,""hispanic"":0,""historically_black"":0,""predominantly_black"":0}",,,"{""approval_date"":""6/1/1974"",""eligibility_type"":1}","{""highest"":4,""predominant"":3,""predominant_recoded"":3}",25180,12564,"{""level"":1}"
92504-3297,Riverside,California Baptist University,CBU,CA,11,California Baptist University CBU,1,0,1,2,8,Western Association of Schools and Colleges Senior Colleges and University Commission,www.calbaptist.edu,6,0,1,0,18,9674,2,WASCSR,0.3274,13,,0,https://calbaptist.studentaidcalculator.com/welcome.aspx,13,"{""annh"":0,""nant"":0,""aanipi"":0,""tribal"":0,""hispanic"":1,""historically_black"":0,""predominantly_black"":0}",75,2,"{""approval_date"":""1/1/1975"",""eligibility_type"":1}","{""highest"":4,""predominant"":3,""predominant_recoded"":3}",18673,9058,"{""level"":1}"
94107-2247,San Francisco,California College of the Arts,,CA,11,California College of the Arts,1,0,1,2,8,Western Association of Schools and Colleges Senior Colleges and University Commission,www.cca.edu,6,0,1,0,30,9662,2,WASCSR,0.2121,13,,0,www.cca.edu/admissions/financialaid/calculator,10,"{""annh"":0,""nant"":0,""aanipi"":0,""tribal"":0,""hispanic"":0,""historically_black"":0,""predominantly_black"":0}",,2,"{""approval_date"":""12/1/1965"",""eligibility_type"":1}","{""highest"":4,""predominant"":3,""predominant_recoded"":3}",30596,17630,"{""level"":1}"
91125,Pasadena,California Institute of Technology,Caltech,CA,12,California Institute of Technology Caltech,1,0,1,2,8,Western Association of Schools and Colleges Senior Colleges and University Commission,www.caltech.edu,6,0,1,0,15,19993,2,WASCSR,0.9195,14,,0,www.finaid.caltech.edu/npc,11,"{""annh"":0,""nant"":0,""aanipi"":0,""tribal"":0,""hispanic"":0,""historically_black"":0,""predominantly_black"":0}",,2,"{""approval_date"":""1/1/1966"",""eligibility_type"":1}","{""highest"":4,""predominant"":3,""predominant_recoded"":3}",18877,104953,"{""level"":1}"
91360-2787,Thousand Oaks,California Lutheran University,,CA,12,California Lutheran University,1,0,1,2,8,Western Association of Schools and Colleges Senior Colleges and University Commission,www.callutheran.edu/,6,0,1,0,18,9974,2,WASCSR,1,13,,0,https://www.callutheran.edu/financial-aid/tuition-fees/net-price-calculator.html,13,"{""annh"":0,""nant"":0,""aanipi"":0,""tribal"":0,""hispanic"":1,""historically_black"":0,""predominantly_black"":0}",39,2,"{""approval_date"":""12/1/1965"",""eligibility_type"":1}","{""highest"":4,""predominant"":3,""predominant_recoded"":3}",19499,10207,"{""level"":1}"
93407,San Luis Obispo,California Polytechnic State University-San Luis Obispo,Cal Poly,CA,23,California Polytechnic State University-San Luis Obispo Cal Poly,1,0,1,1,8,Western Association of Schools and Colleges Senior Colleges and University Commission,calpoly.edu,6,0,1,0,18,10335,1,WASCSR,0.6835,14,,0,financialaid.calpoly.edu/calculator/npcalc.htm,16,"{""annh"":0,""nant"":0,""aanipi"":1,""tribal"":0,""hispanic"":0,""historically_black"":0,""predominantly_black"":0}",,2,"{""approval_date"":""12/1/1965"",""eligibility_type"":1}","{""highest"":4,""predominant"":3,""predominant_recoded"":3}",9068,9695,"{""level"":1}"
93311-1099,Bakersfield,California State University-Bakersfield,CSU Bakersfield,CA,11,California State University-Bakersfield CSU Bakersfield,1,0,1,1,8,Western Association of Schools and Colleges Senior Colleges and University Commission,www.csub.edu,6,0,1,0,18,9585,1,WASCSR,0.5124,13,,0,https://www2.calstate.edu/attend/paying-for-college/Pages/csu-costs.aspx,12,"{""annh"":0,""nant"":0,""aanipi"":0,""tribal"":0,""hispanic"":1,""historically_black"":0,""predominantly_black"":0}",,2,"{""approval_date"":""1/2/1970"",""eligibility_type"":1}","{""highest"":4,""predominant"":3,""predominant_recoded"":3}",3321,6413,"{""level"":1}"
95382-0299,Turlock,California State University-Stanislaus,Stanislaus State  CSU Stanislaus,CA,23,California State University-Stanislaus Stanislaus State  CSU Stanislaus,1,0,1,1,8,Western Association of Schools and Colleges Senior Colleges and University Commission,https://www.csustan.edu,6,0,1,0,18,9475,1,WASCSR,0.5097,13,,0,https://www2.calstate.edu/attend/paying-for-college/Pages/csu-costs.aspx,12,"{""annh"":0,""nant"":0,""aanipi"":1,""tribal"":0,""hispanic"":1,""historically_black"":0,""predominantly_black"":0}",,2,"{""approval_date"":""9/8/1987"",""eligibility_type"":1}","{""highest"":4,""predominant"":3,""predominant_recoded"":3}",4680,7820,"{""level"":1}"
92407-2393,San Bernardino,California State University-San Bernardino,Cal State San Bernardino,CA,12,California State University-San Bernardino Cal State San Bernardino,1,0,1,1,8,Western Association of Schools and Colleges Senior Colleges and University Commission,www.csusb.edu,6,0,1,0,18,9779,1,WASCSR,0.4812,11,,0,https://www2.calstate.edu/attend/paying-for-college/Pages/csu-costs.aspx,15,"{""annh"":0,""nant"":0,""aanipi"":0,""tribal"":0,""hispanic"":1,""historically_black"":0,""predominantly_black"":0}",,2,"{""approval_date"":""12/1/1965"",""eligibility_type"":1}","{""highest"":4,""predominant"":3,""predominant_recoded"":3}",3622,6925,"{""level"":1}"
91768,Pomona,California State Polytechnic University-Pomona,,CA,21,California State Polytechnic University-Pomona,1,0,1,1,8,Western Association of Schools and Colleges Senior Colleges and University Commission,www.cpp.edu,6,0,1,0,18,10587,1,WASCSR,0.4729,13,,0,https://www.cpp.edu/~financial-aid/net-price-calculator/npcalc.htm,15,"{""annh"":0,""nant"":0,""aanipi"":1,""tribal"":0,""hispanic"":1,""historically_black"":0,""predominantly_black"":0}",,2,"{""approval_date"":""12/1/1965"",""eligibility_type"":1}","{""highest"":4,""predominant"":3,""predominant_recoded"":3}",4699,7042,"{""level"":1}"
95929-0150,Chico,California State University-Chico,,CA,13,California State University-Chico,1,0,1,1,8,Western Association of Schools and Colleges Senior Colleges and University Commission,www.csuchico.edu,6,0,1,0,18,9723,1,WASCSR,0.5577,13,,0,https://www2.calstate.edu/attend/paying-for-college/Pages/csu-costs.aspx,15,"{""annh"":0,""nant"":0,""aanipi"":0,""tribal"":0,""hispanic"":1,""historically_black"":0,""predominantly_black"":0}",,2,"{""approval_date"":""12/1/1965"",""eligibility_type"":1}","{""highest"":4,""predominant"":3,""predominant_recoded"":3}",4242,6957,"{""level"":1}"
90747-0005,Carson,California State University-Dominguez Hills,CSUDH,CA,13,California State University-Dominguez Hills CSUDH,1,0,1,1,8,Western Association of Schools and Colleges Senior Colleges and University Commission,https://www.csudh.edu,6,0,1,0,18,9752,1,WASCSR,0.405,9,,0,https://www2.calstate.edu/attend/paying-for-college/Pages/csu-costs.aspx,15,"{""annh"":0,""nant"":0,""aanipi"":0,""tribal"":0,""hispanic"":1,""historically_black"":0,""predominantly_black"":0}",,2,"{""approval_date"":""12/1/1965"",""eligibility_type"":1}","{""highest"":4,""predominant"":3,""predominant_recoded"":3}",3854,6572,"{""level"":1}"
93740,Fresno,California State University-Fresno,,CA,11,California State University-Fresno,1,0,1,1,8,Western Association of Schools and Colleges Senior Colleges and University Commission,www.fresnostate.edu/,6,0,1,0,17,9393,1,WASCSR,0.5432,11,,0,fresnostate.edu/studentaffairs/financialaid/netprice/index.html,15,"{""annh"":0,""nant"":0,""aanipi"":1,""tribal"":0,""hispanic"":1,""historically_black"":0,""predominantly_black"":0}",,2,"{""approval_date"":""12/1/1965"",""eligibility_type"":1}","{""highest"":4,""predominant"":3,""predominant_recoded"":3}",3735,6966,"{""level"":1}"
92831-3599,Fullerton,California State University-Fullerton,Cal State Fullerton,CA,21,California State University-Fullerton Cal State Fullerton,1,0,1,1,8,Western Association of Schools and Colleges Senior Colleges and University Commission,www.fullerton.edu,6,0,1,0,18,10201,1,WASCSR,0.4861,13,,0,www.fullerton.edu/financialaid/calculator/,15,"{""annh"":0,""nant"":0,""aanipi"":1,""tribal"":0,""hispanic"":1,""historically_black"":0,""predominantly_black"":0}",,2,"{""approval_date"":""12/1/1965"",""eligibility_type"":1}","{""highest"":4,""predominant"":3,""predominant_recoded"":3}",5172,6858,"{""level"":1}"
94542,Hayward,California State University-East Bay,Cal State East Bay,CA,21,California State University-East Bay Cal State East Bay,1,0,1,1,8,Western Association of Schools and Colleges Senior Colleges and University Commission,www.csueastbay.edu,6,0,1,0,18,10210,1,WASCSR,0.4603,13,,0,www.csueastbay.edu/financialaid/files/images/net-price-calculator/npcalc.htm,15,"{""annh"":0,""nant"":0,""aanipi"":1,""tribal"":0,""hispanic"":1,""historically_black"":0,""predominantly_black"":0}",,2,"{""approval_date"":""12/1/1965"",""eligibility_type"":1}","{""highest"":4,""predominant"":3,""predominant_recoded"":3}",5794,6049,"{""level"":1}"
90840-0115,Long Beach,California State University-Long Beach,Cal State Long Beach,CA,11,California State University-Long Beach Cal State Long Beach,1,0,1,1,8,Western Association of Schools and Colleges Senior Colleges and University Commission,www.csulb.edu,6,0,1,0,18,10192,1,WASCSR,0.4856,13,,0,https://www2.calstate.edu/attend/paying-for-college/Pages/csu-costs.aspx,15,"{""annh"":0,""nant"":0,""aanipi"":1,""tribal"":0,""hispanic"":1,""historically_black"":0,""predominantly_black"":0}",,2,"{""approval_date"":""12/1/1965"",""eligibility_type"":1}","{""highest"":4,""predominant"":3,""predominant_recoded"":3}",4721,7795,"{""level"":1}"
90032-8506,Los Angeles,California State University-Los Angeles,Cal State LA,CA,11,California State University-Los Angeles Cal State LA,1,0,1,1,8,Western Association of Schools and Colleges Senior Colleges and University Commission,www.calstatela.edu,6,0,1,0,18,9827,1,WASCSR,0.4134,11,,0,https://www2.calstate.edu/attend/paying-for-college/Pages/csu-costs.aspx,15,"{""annh"":0,""nant"":0,""aanipi"":1,""tribal"":0,""hispanic"":1,""historically_black"":0,""predominantly_black"":0}",,2,"{""approval_date"":""12/1/1965"",""eligibility_type"":1}","{""highest"":4,""predominant"":3,""predominant_recoded"":3}",3656,6641,"{""level"":1}"
91330,Northridge,California State University-Northridge,,CA,11,California State University-Northridge,1,0,1,1,8,Western Association of Schools and Colleges Senior Colleges and University Commission,https://www.csun.edu,6,0,1,0,18,10090,1,WASCSR,0.4546,11,,0,https://www2.calstate.edu/attend/paying-for-college/Pages/csu-costs.aspx,15,"{""annh"":0,""nant"":0,""aanipi"":1,""tribal"":0,""hispanic"":1,""historically_black"":0,""predominantly_black"":0}",,2,"{""approval_date"":""12/1/1965"",""eligibility_type"":1}","{""highest"":4,""predominant"":3,""predominant_recoded"":3}",4673,6696,"{""level"":1}"
95819-2694,Sacramento,California State University-Sacramento,Sacramento State,CA,11,California State University-Sacramento Sacramento State,1,0,1,1,8,Western Association of Schools and Colleges Senior Colleges and University Commission,www.csus.edu,6,0,1,0,18,9804,1,WASCSR,0.4779,11,,0,https://www2.calstate.edu/attend/paying-for-college/Pages/csu-costs.aspx,15,"{""annh"":0,""nant"":0,""aanipi"":1,""tribal"":0,""hispanic"":1,""historically_black"":0,""predominantly_black"":0}",,2,"{""approval_date"":""12/1/1965"",""eligibility_type"":1}","{""highest"":4,""predominant"":3,""predominant_recoded"":3}",4931,7304,"{""level"":1}"
94720,Berkeley,University of California-Berkeley,UC Berkeley,CA,12,University of California-Berkeley UC Berkeley,1,0,1,1,8,Western Association of Schools and Colleges Senior Colleges and University Commission,www.berkeley.edu,6,0,1,0,15,17125,1,WASCSR,0.6663,15,,0,https://financialaid.berkeley.edu/sites/default/files/docs/FinancialLiteracy/CalcBalance_LiveFields_final.pdf,16,"{""annh"":0,""nant"":0,""aanipi"":0,""tribal"":0,""hispanic"":0,""historically_black"":0,""predominantly_black"":0}",,2,"{""approval_date"":""12/1/1965"",""eligibility_type"":1}","{""highest"":4,""predominant"":3,""predominant_recoded"":3}",22027,20179,"{""level"":1}"
95616-8678,Davis,University of California-Davis,UC Davis,CA,23,University of California-Davis UC Davis,1,0,1,1,8,Western Association of Schools and Colleges Senior Colleges and University Commission,ucdavis.edu,6,0,1,0,15,14603,1,WASCSR,0.866,15,,0,myawards.ucdavis.edu/AidEstimator,15,"{""annh"":0,""nant"":0,""aanipi"":1,""tribal"":0,""hispanic"":0,""historically_black"":0,""predominantly_black"":0}",,2,"{""approval_date"":""12/1/1965"",""eligibility_type"":1}","{""highest"":4,""predominant"":3,""predominant_recoded"":3}",18270,26371,"{""level"":1}"
92697,Irvine,University of California-Irvine,UCI  UC Irvine,CA,11,University of California-Irvine UCI  UC Irvine,1,0,1,1,8,Western Association of Schools and Colleges Senior Colleges and University Commission,www.uci.edu/,6,0,1,0,15,15447,1,WASCSR,0.8146,15,,0,www.ofas.uci.edu/content/Calculator.aspx,16,"{""annh"":0,""nant"":0,""aanipi"":1,""tribal"":0,""hispanic"":1,""historically_black"":0,""predominantly_black"":0}",,2,"{""approval_date"":""12/1/1965"",""eligibility_type"":1}","{""highest"":4,""predominant"":3,""predominant_recoded"":3}",15954,20489,"{""level"":1}"
90095-1405,Los Angeles,University of California-Los Angeles,UCLA,CA,11,University of California-Los Angeles UCLA,1,0,1,1,8,Western Association of Schools and Colleges Senior Colleges and University Commission,www.ucla.edu/,6,0,1,0,15,18392,1,WASCSR,0.6973,15,,0,https://dnn.uclanet.ucla.edu/fas102016/Prospective-Student/Net-Price-Calculator,17,"{""annh"":0,""nant"":0,""aanipi"":0,""tribal"":0,""hispanic"":0,""historically_black"":0,""predominantly_black"":0}",,2,"{""approval_date"":""12/1/1965"",""eligibility_type"":1}","{""highest"":4,""predominant"":3,""predominant_recoded"":3}",18278,51748,"{""level"":1}"
92521,Riverside,University of California-Riverside,UC Riverside,CA,11,University of California-Riverside UC Riverside,1,0,1,1,8,Western Association of Schools and Colleges Senior Colleges and University Commission,www.ucr.edu/,6,0,1,0,15,13408,1,WASCSR,0.8655,15,,0,vcsaweb.ucr.edu/FinAidManualCalculator/,16,"{""annh"":0,""nant"":0,""aanipi"":0,""tribal"":0,""hispanic"":0,""historically_black"":0,""predominantly_black"":0}",,2,"{""approval_date"":""12/1/1965"",""eligibility_type"":1}","{""highest"":4,""predominant"":3,""predominant_recoded"":3}",12688,15117,"{""level"":1}"
92093,La Jolla,University of California-San Diego,UCSD  UC San Diego,CA,11,University of California-San Diego UCSD  UC San Diego,1,0,1,1,8,Western Association of Schools and Colleges Senior Colleges and University Commission,www.ucsd.edu,6,0,1,0,15,16373,1,WASCSR,0.8483,15,,0,fas.ucsd.edu/forms-and-resources/financial-aid-estimator/index.html,16,"{""annh"":0,""nant"":0,""aanipi"":0,""tribal"":0,""hispanic"":0,""historically_black"":0,""predominantly_black"":0}",,2,"{""approval_date"":""12/1/1965"",""eligibility_type"":1}","{""highest"":4,""predominant"":3,""predominant_recoded"":3}",17532,22428,"{""level"":1}"
93106,Santa Barbara,University of California-Santa Barbara,UCSB  UC Santa Barbara,CA,22,University of California-Santa Barbara UCSB  UC Santa Barbara,1,0,1,1,8,Western Association of Schools and Colleges Senior Colleges and University Commission,www.ucsb.edu,6,0,1,0,15,15994,1,WASCSR,0.8502,15,,0,finaid.ucsb.edu/net-price-calculator,16,"{""annh"":0,""nant"":0,""aanipi"":1,""tribal"":0,""hispanic"":1,""historically_black"":0,""predominantly_black"":0}",,2,"{""approval_date"":""12/1/1965"",""eligibility_type"":1}","{""highest"":4,""predominant"":3,""predominant_recoded"":3}",15451,12689,"{""level"":1}"
95064-1011,Santa Cruz,University of California-Santa Cruz,UC Santa Cruz,CA,13,University of California-Santa Cruz UC Santa Cruz,1,0,1,1,8,Western Association of Schools and Colleges Senior Colleges and University Commission,www.ucsc.edu/,6,0,1,0,15,14426,1,WASCSR,0.767,15,,0,www2.ucsc.edu/finaidcalc/,17,"{""annh"":0,""nant"":0,""aanipi"":1,""tribal"":0,""hispanic"":1,""historically_black"":0,""predominantly_black"":0}",,2,"{""approval_date"":""12/1/1965"",""eligibility_type"":1}","{""highest"":4,""predominant"":3,""predominant_recoded"":3}",14448,10828,"{""level"":1}"
94303,Palo Alto,Sofia University,Institute of Transpersonal Psychology,CA,13,Sofia University Institute of Transpersonal Psychology,1,0,1,3,8,Western Association of Schools and Colleges Senior Colleges and University Commission,www.sofia.edu,6,0,1,0,26,6194,3,WASCSR,0.5139,5,,0,https://bigfuture.collegeboard.org/pay-for-college/college-costs/college-costs-calculator,6,"{""annh"":0,""nant"":0,""aanipi"":0,""tribal"":0,""hispanic"":0,""historically_black"":0,""predominantly_black"":0}",,,"{""approval_date"":""3/12/1992"",""eligibility_type"":1}","{""highest"":4,""predominant"":3,""predominant_recoded"":3}",23445,13364,"{""level"":1}"
93727,Fresno,California Christian College,,CA,11,California Christian College,1,0,1,2,8,Transnational Association of Christian Colleges and Schools,www.calchristiancollege.edu,6,0,1,0,24,,2,TRACS,,5,,0,www.calchristiancollege.edu/financial-aid/net-price-calculator/,6,"{""annh"":0,""nant"":0,""aanipi"":0,""tribal"":0,""hispanic"":0,""historically_black"":0,""predominantly_black"":0}",41,2,"{""approval_date"":""1/1/1980"",""eligibility_type"":1}","{""highest"":3,""predominant"":3,""predominant_recoded"":3}",7352,3817,"{""level"":1}"
91355-2397,Valencia,California Institute of the Arts,CalArts,CA,21,California Institute of the Arts CalArts,1,0,1,2,8,Western Association of Schools and Colleges Senior Colleges and University Commission,www.calarts.edu,6,0,1,0,30,8825,2,WASCSR,0.6065,14,,0,calarts.edu/financial-aid/net-price-calculator,10,"{""annh"":0,""nant"":0,""aanipi"":0,""tribal"":0,""hispanic"":0,""historically_black"":0,""predominantly_black"":0}",,2,"{""approval_date"":""12/1/1965"",""eligibility_type"":1}","{""highest"":4,""predominant"":3,""predominant_recoded"":3}",28168,21266,"{""level"":1}"
94590-8181,Vallejo,California State University Maritime Academy,California State University Maritime Academy,CA,12,California State University Maritime Academy California State University Maritime Academy,1,0,1,1,8,Western Association of Schools and Colleges Senior Colleges and University Commission,https://www.csum.edu,6,0,1,0,22,9824,1,WASCSR,0.7391,13,,0,https://www2.calstate.edu/attend/paying-for-college/Pages/csu-costs.aspx,11,"{""annh"":0,""nant"":0,""aanipi"":0,""tribal"":0,""hispanic"":0,""historically_black"":0,""predominantly_black"":0}",,2,"{""approval_date"":""3/30/1970"",""eligibility_type"":1}","{""highest"":4,""predominant"":3,""predominant_recoded"":3}",7631,16987,"{""level"":1}"
92866,Orange,Chapman University,,CA,12,Chapman University,1,0,1,2,8,Western Association of Schools and Colleges Senior Colleges and University Commission,https://www.chapman.edu,6,0,1,0,16,11826,2,WASCSR,1,14,,0,https://www.chapman.edu/students/tuition-and-aid/financial-aid/net-cost-calculator/index.aspx,13,"{""annh"":0,""nant"":0,""aanipi"":0,""tribal"":0,""hispanic"":0,""historically_black"":0,""predominantly_black"":0}",61,2,"{""approval_date"":""12/19/1965"",""eligibility_type"":1}","{""highest"":4,""predominant"":3,""predominant_recoded"":3}",30672,15294,"{""level"":1}"
92612-3203,Irvine,Concordia University-Irvine,Concordia University Irvine,CA,11,Concordia University-Irvine Concordia University Irvine,1,0,1,2,8,Western Association of Schools and Colleges Senior Colleges and University Commission,www.cui.edu,6,0,1,0,18,7215,2,WASCSR,0.9384,13,,0,www.cui.edu/studentlife/financial-aid/undergraduate/index.aspx?id=21911,14,"{""annh"":0,""nant"":0,""aanipi"":0,""tribal"":0,""hispanic"":0,""historically_black"":0,""predominantly_black"":0}",68,2,"{""approval_date"":""3/21/1977"",""eligibility_type"":1}","{""highest"":4,""predominant"":3,""predominant_recoded"":3}",15656,7667,"{""level"":1}"
92071,Santee,San Diego Christian College,,CA,21,San Diego Christian College,1,0,1,2,8,Western Association of Schools and Colleges Senior Colleges and University Commission,sdcc.edu,6,0,1,0,22,6748,2,WASCSR,0.1118,7,,0,tcc.noellevitz.com/(S(hbmattx4suq0v45cbos1csf5))/San Diego Christian College/Freshman-Students,7,"{""annh"":0,""nant"":0,""aanipi"":0,""tribal"":0,""hispanic"":1,""historically_black"":0,""predominantly_black"":0}",88,2,"{""approval_date"":""8/1/1976"",""eligibility_type"":1}","{""highest"":4,""predominant"":3,""predominant_recoded"":3}",19997,4711,"{""level"":1}"
91711-6400,Claremont,Claremont McKenna College,,CA,21,Claremont McKenna College,1,0,1,2,8,Western Association of Schools and Colleges Senior Colleges and University Commission,www.cmc.edu,6,0,1,0,21,14628,2,WASCSR,0.9243,14,,0,https://npc.collegeboard.org/student/app/claremontmckenna,11,"{""annh"":0,""nant"":0,""aanipi"":0,""tribal"":0,""hispanic"":0,""historically_black"":0,""predominantly_black"":0}",,2,"{""approval_date"":""12/1/1965"",""eligibility_type"":1}","{""highest"":4,""predominant"":3,""predominant_recoded"":3}",35861,30359,"{""level"":1}"
95134,San Jose,Cogswell College,Cogswell College,CA,11,Cogswell College Cogswell College,1,0,1,3,8,Western Association of Schools and Colleges Senior Colleges and University Commission,www.cogswell.edu,6,0,1,0,22,7404,3,WASCSR,0.2472,9,,0,https://cogswell.edu/admission/financial-aid/,7,"{""annh"":0,""nant"":0,""aanipi"":0,""tribal"":0,""hispanic"":0,""historically_black"":0,""predominantly_black"":0}",,2,"{""approval_date"":""12/1/1965"",""eligibility_type"":1}","{""highest"":3,""predominant"":3,""predominant_recoded"":3}",22207,6143,"{""level"":1}"
91356-1411,Tarzana,Columbia College Hollywood,,CA,11,Columbia College Hollywood,1,0,1,2,8,Western Association of Schools and Colleges Senior Colleges and University Commission,https://www.columbiacollege.edu,6,0,1,0,30,5833,2,WASCSR,0.0875,15,,0,https://columbiacollege.studentaidcalculator.com/survey.aspx,6,"{""annh"":0,""nant"":0,""aanipi"":0,""tribal"":0,""hispanic"":0,""historically_black"":0,""predominantly_black"":0}",,1,"{""approval_date"":""6/4/1979"",""eligibility_type"":1}","{""highest"":3,""predominant"":3,""predominant_recoded"":3}",20553,6159,"{""level"":1}"
92121,San Diego,Design Institute of San Diego,,CA,11,Design Institute of San Diego,1,0,1,3,8,Western Association of Schools and Colleges Senior Colleges and University Commission,www.disd.edu,6,0,1,0,30,5278,3,WASCSR,,9,,0,https://disd.studentaidcalculator.com/survey.aspx,6,"{""annh"":0,""nant"":0,""aanipi"":0,""tribal"":0,""hispanic"":0,""historically_black"":0,""predominantly_black"":0}",,2,"{""approval_date"":""4/29/1985"",""eligibility_type"":1}","{""highest"":3,""predominant"":3,""predominant_recoded"":3}",22770,5855,"{""level"":1}"
94901-2298,San Rafael,Dominican University of California,DUofC,CA,13,Dominican University of California DUofC,1,0,1,2,8,Western Association of Schools and Colleges Senior Colleges and University Commission,https://www.dominican.edu,6,0,1,0,19,8662,2,WASCSR,0.3285,13,,0,https://www.dominican.edu/admissions/aid/net-price-calculator-npc,10,"{""annh"":0,""nant"":0,""aanipi"":0,""tribal"":0,""hispanic"":0,""historically_black"":0,""predominantly_black"":0}",,2,"{""approval_date"":""1/1/1966"",""eligibility_type"":1}","{""highest"":4,""predominant"":3,""predominant_recoded"":3}",24774,17384,"{""level"":1}"
93702-4709,Fresno,Fresno Pacific University,,CA,11,Fresno Pacific University,1,0,1,2,8,Western Association of Schools and Colleges Senior Colleges and University Commission,www.fresno.edu,6,0,1,0,18,7166,2,WASCSR,0.906,13,,0,https://tcc.noellevitz.com/(S(2udqcz4v5juwacioemspbydx))/Fresno%20Pacific%20University/Freshman%20Students,12,"{""annh"":0,""nant"":0,""aanipi"":0,""tribal"":0,""hispanic"":1,""historically_black"":0,""predominantly_black"":0}",43,2,"{""approval_date"":""12/1/1965"",""eligibility_type"":1}","{""highest"":4,""predominant"":3,""predominant_recoded"":3}",16592,6148,"{""level"":1}"
94105-2968,San Francisco,Golden Gate University-San Francisco,,CA,11,Golden Gate University-San Francisco,4,0,1,2,8,Western Association of Schools and Colleges Senior Colleges and University Commission,www.ggu.edu,6,0,1,0,18,10287,2,WASCSR,1,5,,0,www.ggu.edu/undergraduate/enrollment/financial-aid/net-price-calculator,9,"{""annh"":0,""nant"":0,""aanipi"":0,""tribal"":0,""hispanic"":0,""historically_black"":0,""predominantly_black"":0}",,,"{""approval_date"":""12/1/1965"",""eligibility_type"":1}","{""highest"":4,""predominant"":3,""predominant_recoded"":3}",22657,9378,"{""level"":1}"
91711,Claremont,Harvey Mudd College,"Mudd, HMC",CA,21,"Harvey Mudd College Mudd, HMC",1,0,1,2,8,Western Association of Schools and Colleges Senior Colleges and University Commission,https://www.hmc.edu,6,0,1,0,21,13671,2,WASCSR,0.8594,14,,0,https://npc.collegeboard.org/student/app/hmc,8,"{""annh"":0,""nant"":0,""aanipi"":0,""tribal"":0,""hispanic"":0,""historically_black"":0,""predominantly_black"":0}",,2,"{""approval_date"":""1/1/1982"",""eligibility_type"":1}","{""highest"":3,""predominant"":3,""predominant_recoded"":3}",31809,33007,"{""level"":1}"
94619-1699,Oakland,Holy Names University,Holy Names College,CA,11,Holy Names University Holy Names College,1,0,1,2,8,Western Association of Schools and Colleges Senior Colleges and University Commission,www.hnu.edu,6,0,1,0,19,8046,2,WASCSR,0.2885,11,,0,www.hnu.edu/financial-services/financial-aid/net-cost-calculator,8,"{""annh"":0,""nant"":0,""aanipi"":1,""tribal"":0,""hispanic"":1,""historically_black"":0,""predominantly_black"":0}",30,2,"{""approval_date"":""12/1/1965"",""eligibility_type"":1}","{""highest"":4,""predominant"":3,""predominant_recoded"":3}",16036,9469,"{""level"":1}"
95521-8299,Arcata,Humboldt State University,,CA,33,Humboldt State University,1,0,1,1,8,Western Association of Schools and Colleges Senior Colleges and University Commission,www.humboldt.edu,6,0,1,0,19,9602,1,WASCSR,0.5451,13,,0,https://finaid.humboldt.edu/sites/default/files/calculator/,13,"{""annh"":0,""nant"":0,""aanipi"":0,""tribal"":0,""hispanic"":1,""historically_black"":0,""predominantly_black"":0}",,2,"{""approval_date"":""11/8/1991"",""eligibility_type"":1}","{""highest"":4,""predominant"":3,""predominant_recoded"":3}",4192,8240,"{""level"":1}"
95207-3896,Stockton,Humphreys University-Stockton and Modesto Campuses,,CA,11,Humphreys University-Stockton and Modesto Campuses,2,0,1,2,8,Western Association of Schools and Colleges Senior Colleges and University Commission,www.humphreys.edu,6,0,1,0,22,6775,2,WASCSR,0.2198,7,,0,www.humphreys.edu/admissions-aid/financial-aid/net-price-calculator/,6,"{""annh"":0,""nant"":0,""aanipi"":0,""tribal"":0,""hispanic"":1,""historically_black"":0,""predominantly_black"":0}",,1,"{""approval_date"":""4/6/1967"",""eligibility_type"":1}","{""highest"":4,""predominant"":3,""predominant_recoded"":3}",15807,6686,"{""level"":1}"
94523-4817,Pleasant Hill,John F. Kennedy University,,CA,21,John F. Kennedy University,1,0,1,2,8,Western Association of Schools and Colleges Senior Colleges and University Commission,https://www.jfku.edu,6,0,1,0,17,5923,2,WASCSR,0.1364,5,,0,https://www.jfku.edu/admissions/financial-aid/tuition-and-fees/,6,"{""annh"":0,""nant"":0,""aanipi"":0,""tribal"":0,""hispanic"":1,""historically_black"":0,""predominantly_black"":0}",,2,"{""approval_date"":""7/19/1972"",""eligibility_type"":1}","{""highest"":4,""predominant"":3,""predominant_recoded"":3}",21881,13231,"{""level"":1}"
90077-1519,Los Angeles,American Jewish University,AJU,CA,11,American Jewish University AJU,1,0,1,2,8,Western Association of Schools and Colleges Senior Colleges and University Commission,www.aju.edu,6,0,1,0,21,7904,2,WASCSR,1,11,,0,www.aju.edu/financial-aid/tuition-and-fees/net-price-calculator,8,"{""annh"":0,""nant"":0,""aanipi"":0,""tribal"":0,""hispanic"":0,""historically_black"":0,""predominantly_black"":0}",80,2,"{""approval_date"":""12/1/1965"",""eligibility_type"":1}","{""highest"":4,""predominant"":3,""predominant_recoded"":3}",15293,19936,"{""level"":1}"
91773-3298,San Dimas,Life Pacific University,LIFE Bible College,CA,21,Life Pacific University LIFE Bible College,2,0,1,2,8,Western Association of Schools and Colleges Senior Colleges and University Commission,https://www.lifepacific.edu,6,0,1,0,22,6300,2,WASCSR,0.3,11,,0,https://www.lifepacific.edu/netpricecalculator/npcalc.htm,8,"{""annh"":0,""nant"":0,""aanipi"":0,""tribal"":0,""hispanic"":1,""historically_black"":0,""predominantly_black"":0}",79,2,"{""approval_date"":""1/1/1974"",""eligibility_type"":1}","{""highest"":4,""predominant"":3,""predominant_recoded"":3}",10917,4782,"{""level"":1}"
91750-4401,La Verne,University of La Verne,La Verne,CA,21,University of La Verne La Verne,1,0,1,2,8,Western Association of Schools and Colleges Senior Colleges and University Commission,www.laverne.edu/,6,0,1,0,17,9264,2,WASCSR,0.357,9,,0,https://laverne.edu/financial-aid/npc/,12,"{""annh"":0,""nant"":0,""aanipi"":0,""tribal"":0,""hispanic"":1,""historically_black"":0,""predominantly_black"":0}",,2,"{""approval_date"":""12/1/1965"",""eligibility_type"":1}","{""highest"":4,""predominant"":3,""predominant_recoded"":3}",20508,9472,"{""level"":1}"
92651,Laguna Beach,Laguna College of Art and Design,LCAD,CA,41,Laguna College of Art and Design LCAD,1,0,1,2,8,Western Association of Schools and Colleges Senior Colleges and University Commission,www.lcad.edu,6,0,1,0,30,8957,2,WASCSR,0.1326,15,,0,https://www.lcad.edu/admissions/tuition-financial-aid/net-price-calculator,6,"{""annh"":0,""nant"":0,""aanipi"":1,""tribal"":0,""hispanic"":0,""historically_black"":0,""predominantly_black"":0}",,2,"{""approval_date"":""4/28/1986"",""eligibility_type"":1}","{""highest"":4,""predominant"":3,""predominant_recoded"":3}",20583,12115,"{""level"":1}"
94612-2801,Oakland,Lincoln University,,CA,11,Lincoln University,1,0,1,2,8,Accrediting Council for Independent Colleges and Schools,www.lincolnuca.edu,6,0,1,0,29,5157,2,ACICS,0.6667,6,,0,www.lincolnuca.edu/admission/netpricecalc,6,"{""annh"":0,""nant"":0,""aanipi"":0,""tribal"":0,""hispanic"":0,""historically_black"":0,""predominantly_black"":0}",,1,"{""approval_date"":""8/2/1988"",""eligibility_type"":1}","{""highest"":4,""predominant"":3,""predominant_recoded"":3}",6531,2069,"{""level"":1}"
92019-1108,El Cajon,Southern California Seminary,,CA,21,Southern California Seminary,1,0,1,2,8,Transnational Association of Christian Colleges and Schools,www.socalsem.edu,6,0,1,0,24,4120,2,TRACS,0.275,5,,0,www.socalsem.edu/admissions/financial-aid/,6,"{""annh"":0,""nant"":0,""aanipi"":0,""tribal"":0,""hispanic"":0,""historically_black"":0,""predominantly_black"":0}",54,1,"{""approval_date"":""8/16/1999"",""eligibility_type"":1}","{""highest"":4,""predominant"":3,""predominant_recoded"":3}",9339,4381,"{""level"":1}"
92505-8247,Riverside,La Sierra University,,CA,11,La Sierra University,1,0,1,2,8,Western Association of Schools and Colleges Senior Colleges and University Commission,https://lasierra.edu,6,0,1,0,19,8000,2,WASCSR,0.2997,11,,0,https://lasierra.edu/sfs/scholarships/,10,"{""annh"":0,""nant"":0,""aanipi"":1,""tribal"":0,""hispanic"":1,""historically_black"":0,""predominantly_black"":0}",95,2,"{""approval_date"":""10/22/1991"",""eligibility_type"":1}","{""highest"":4,""predominant"":3,""predominant_recoded"":3}",29673,10694,"{""level"":1}"
92350,Loma Linda,Loma Linda University,,CA,21,Loma Linda University,1,0,1,2,8,Western Association of Schools and Colleges Senior Colleges and University Commission,www.llu.edu/index.html,6,0,1,0,25,8360,2,WASCSR,0.9236,11,,0,www.llu.edu/explore/step1.html,13,"{""annh"":0,""nant"":0,""aanipi"":0,""tribal"":0,""hispanic"":0,""historically_black"":0,""predominantly_black"":0}",95,,"{""approval_date"":""10/1/1965"",""eligibility_type"":1}","{""highest"":4,""predominant"":3,""predominant_recoded"":3}",35083,32789,"{""level"":1}"
91321-1200,Santa Clarita,The Master's University and Seminary,,CA,21,The Master's University and Seminary,1,0,1,2,8,Western Association of Schools and Colleges Senior Colleges and University Commission,www.masters.edu,6,0,1,0,19,8258,2,WASCSR,0.2464,13,,0,https://www.masters.edu/financial-aid/total-cost-calculator,11,"{""annh"":0,""nant"":0,""aanipi"":0,""tribal"":0,""hispanic"":0,""historically_black"":0,""predominantly_black"":0}",42,2,"{""approval_date"":""1/1/1965"",""eligibility_type"":1}","{""highest"":4,""predominant"":3,""predominant_recoded"":3}",13486,9356,"{""level"":1}"
90045-2659,Los Angeles,Loyola Marymount University,,CA,11,Loyola Marymount University,1,0,1,2,8,Western Association of Schools and Colleges Senior Colleges and University Commission,https://www.lmu.edu,6,0,1,0,16,11733,2,WASCSR,0.5547,15,,0,https://lmu.studentaidcalculator.com/survey.aspx,14,"{""annh"":0,""nant"":0,""aanipi"":0,""tribal"":0,""hispanic"":0,""historically_black"":0,""predominantly_black"":0}",30,2,"{""approval_date"":""12/1/1965"",""eligibility_type"":1}","{""highest"":4,""predominant"":3,""predominant_recoded"":3}",33429,17772,"{""level"":1}"
94027-4301,Atherton,Menlo College,Menlo,CA,21,Menlo College Menlo,1,0,1,2,8,Western Association of Schools and Colleges Senior Colleges and University Commission,www.menlo.edu,6,0,1,0,29,11150,2,WASCSR,0.2101,13,,0,www.menlo.edu/NetPrice/npcalc.htm,8,"{""annh"":0,""nant"":0,""aanipi"":0,""tribal"":0,""hispanic"":0,""historically_black"":0,""predominantly_black"":0}",,2,"{""approval_date"":""5/1/1967"",""eligibility_type"":1}","{""highest"":3,""predominant"":3,""predominant_recoded"":3}",18298,7702,"{""level"":1}"
94613,Oakland,Mills College,,CA,11,Mills College,1,0,1,2,8,Western Association of Schools and Colleges Senior Colleges and University Commission,https://www.mills.edu,6,1,1,0,19,10308,2,WASCSR,0.4611,11,,0,https://tcc.noellevitz.com/(S(4bgxyozk2ejy4wajqx3hoapx))/Mills%20College/Freshman-Students,11,"{""annh"":0,""nant"":0,""aanipi"":0,""tribal"":0,""hispanic"":0,""historically_black"":0,""predominantly_black"":0}",,2,"{""approval_date"":""1/1/1966"",""eligibility_type"":1}","{""highest"":4,""predominant"":3,""predominant_recoded"":3}",19045,15996,"{""level"":1}"
93940,Monterey,Middlebury Institute of International Studies at Monterey,MIIS,CA,22,Middlebury Institute of International Studies at Monterey MIIS,2,0,1,2,8,New England Commission on Higher Education,www.middlebury.edu/institute/,6,0,0,0,18,9281,2,NECHE,0.8632,11,,0,www.middlebury.edu/institute/admissions/financial-aid,6,"{""annh"":0,""nant"":0,""aanipi"":0,""tribal"":0,""hispanic"":1,""historically_black"":0,""predominantly_black"":0}",,,"{""approval_date"":""4/13/2009"",""eligibility_type"":1}","{""highest"":4,""predominant"":3,""predominant_recoded"":3}",23161,13167,"{""level"":1}"
90049-1599,Los Angeles,Mount Saint Mary's University,,CA,11,Mount Saint Mary's University,2,0,1,2,8,Western Association of Schools and Colleges Senior Colleges and University Commission,https://www.msmu.edu,6,1,1,0,18,8998,2,WASCSR,0.2916,7,,0,https://www.msmu.edu/academics/financial-aid/cost-calculator.aspx,10,"{""annh"":0,""nant"":0,""aanipi"":1,""tribal"":0,""hispanic"":1,""historically_black"":0,""predominantly_black"":0}",30,2,"{""approval_date"":""12/1/1965"",""eligibility_type"":1}","{""highest"":4,""predominant"":3,""predominant_recoded"":3}",24643,11902,"{""level"":1}"
92037-1011,La Jolla,National University,,CA,11,National University,1,0,1,2,8,Western Association of Schools and Colleges Senior Colleges and University Commission,www.nu.edu,6,0,1,0,18,10270,2,WASCSR,0.2163,5,,0,www.nu.edu/npcalc/npcalc.htm,15,"{""annh"":0,""nant"":0,""aanipi"":0,""tribal"":0,""hispanic"":0,""historically_black"":0,""predominantly_black"":0}",,1,"{""approval_date"":""11/1/1974"",""eligibility_type"":1}","{""highest"":4,""predominant"":3,""predominant_recoded"":3}",14090,5212,"{""level"":1}"
92101,San Diego,Newschool of Architecture and Design,,CA,11,Newschool of Architecture and Design,1,0,1,3,8,Western Association of Schools and Colleges Senior Colleges and University Commission,www.newschoolarch.edu,6,0,1,0,30,7193,3,WASCSR,0.1037,11,,0,newschoolarch.edu/admissions/tuition-and-fees/net-price-calculator-2015/,6,"{""annh"":0,""nant"":0,""aanipi"":0,""tribal"":0,""hispanic"":0,""historically_black"":0,""predominantly_black"":0}",,2,"{""approval_date"":""5/1/1991"",""eligibility_type"":1}","{""highest"":4,""predominant"":3,""predominant_recoded"":3}",15557,6662,"{""level"":1}"
94002-1908,Belmont,Notre Dame de Namur University,NDNU,CA,21,Notre Dame de Namur University NDNU,1,0,1,2,8,Western Association of Schools and Colleges Senior Colleges and University Commission,www.ndnu.edu,6,0,1,0,19,9117,2,WASCSR,0.2228,7,,0,www.ndnu.edu/financial-aid/net-price-calculator/,10,"{""annh"":0,""nant"":0,""aanipi"":1,""tribal"":0,""hispanic"":1,""historically_black"":0,""predominantly_black"":0}",30,2,"{""approval_date"":""1/1/1966"",""eligibility_type"":1}","{""highest"":4,""predominant"":3,""predominant_recoded"":3}",18765,9113,"{""level"":1}"
90041-3392,Los Angeles,Occidental College,Oxy,CA,11,Occidental College Oxy,1,0,1,2,8,Western Association of Schools and Colleges Senior Colleges and University Commission,https://www.oxy.edu,6,0,1,0,21,11293,2,WASCSR,0.7649,14,,0,https://apps.oxy.edu/finaidcalc/,11,"{""annh"":0,""nant"":0,""aanipi"":0,""tribal"":0,""hispanic"":0,""historically_black"":0,""predominantly_black"":0}",,2,"{""approval_date"":""1/1/1966"",""eligibility_type"":1}","{""highest"":3,""predominant"":3,""predominant_recoded"":3}",29134,20429,"{""level"":1}"
90045-3505,Los Angeles,Otis College of Art and Design,"Otis Art Institute, Otis Parsons, Otis/Parsons",CA,11,"Otis College of Art and Design Otis Art Institute, Otis Parsons, Otis/Parsons",1,0,1,2,8,Western Association of Schools and Colleges Senior Colleges and University Commission,www.otis.edu,6,0,1,0,30,7871,2,WASCSR,0.1646,11,,0,www.otis.edu/otis-net-price-calculator,9,"{""annh"":0,""nant"":0,""aanipi"":0,""tribal"":0,""hispanic"":0,""historically_black"":0,""predominantly_black"":0}",,2,"{""approval_date"":""8/29/1968"",""eligibility_type"":1}","{""highest"":4,""predominant"":3,""predominant_recoded"":3}",33696,21333,"{""level"":1}"
92831-3199,Fullerton,Hope International University,Hope|HIU|College of Arts and Sciences|College of Business and Management|College of Education|Pacific Christian of Ministry and Biblical Studies|College of Psychology and Counseling|Fullerton|Orange County|California|,CA,21,Hope International University Hope|HIU|College of Arts and Sciences|College of Business and Management|College of Education|Pacific Christian of Ministry and Biblical Studies|College of Psychology and Counseling|Fullerton|Orange County|California|,2,0,1,2,8,Western Association of Schools and Colleges Senior Colleges and University Commission,www.hiu.edu,6,0,1,0,19,4582,2,WASCSR,0.2394,7,,0,www.hiu.edu/undergrad/finaid/,10,"{""annh"":0,""nant"":0,""aanipi"":0,""tribal"":0,""hispanic"":1,""historically_black"":0,""predominantly_black"":0}",48,2,"{""approval_date"":""12/1/1965"",""eligibility_type"":1}","{""highest"":4,""predominant"":3,""predominant_recoded"":3}",12251,5527,"{""level"":1}"
94304-1337,Palo Alto,Palo Alto University,Pacific Graduate School of Psychology,CA,41,Palo Alto University Pacific Graduate School of Psychology,1,0,1,2,8,Western Association of Schools and Colleges Senior Colleges and University Commission,www.paloaltou.edu,6,0,1,0,26,12264,2,WASCSR,0.4818,11,,0,,6,"{""annh"":0,""nant"":0,""aanipi"":1,""tribal"":0,""hispanic"":0,""historically_black"":0,""predominantly_black"":0}",,,"{""approval_date"":""7/29/1980"",""eligibility_type"":1}","{""highest"":4,""predominant"":3,""predominant_recoded"":3}",26399,15442,"{""level"":1}"
91103,Pasadena,Pacific Oaks College,Pacific Oaks Education Corporation,CA,12,Pacific Oaks College Pacific Oaks Education Corporation,1,0,1,2,8,Western Association of Schools and Colleges Senior Colleges and University Commission,www.pacificoaks.edu,6,0,1,0,32,6038,2,WASCSR,0.0455,5,,0,www.pacificoaks.edu/admissions/cost-financial-aid/financial-aid-services/,6,"{""annh"":0,""nant"":0,""aanipi"":0,""tribal"":0,""hispanic"":1,""historically_black"":0,""predominantly_black"":0}",,2,"{""approval_date"":""12/1/1965"",""eligibility_type"":1}","{""highest"":4,""predominant"":3,""predominant_recoded"":3}",23761,8224,"{""level"":1}"
90010-2263,Los Angeles,Pacific States University,,CA,11,Pacific States University,1,0,1,2,8,Accrediting Commission of Career Schools and Colleges,www.psuca.edu,6,0,1,0,29,3500,2,ACCSC,,0,,0,www.psuca.edu/net-price-calculator/,6,"{""annh"":0,""nant"":0,""aanipi"":0,""tribal"":0,""hispanic"":0,""historically_black"":0,""predominantly_black"":0}",,1,"{""approval_date"":""1/30/1998"",""eligibility_type"":1}","{""highest"":4,""predominant"":3,""predominant_recoded"":3}",11831,3509,"{""level"":1}"
94508-9707,Angwin,Pacific Union College,PUC,CA,41,Pacific Union College PUC,1,0,1,2,8,Western Association of Schools and Colleges Senior Colleges and University Commission,https://www.puc.edu,6,0,1,0,22,6285,2,WASCSR,0.9348,11,,0,https://puc.studentaidcalculator.com/survey.aspx,11,"{""annh"":0,""nant"":0,""aanipi"":1,""tribal"":0,""hispanic"":1,""historically_black"":0,""predominantly_black"":0}",95,2,"{""approval_date"":""12/1/1965"",""eligibility_type"":1}","{""highest"":3,""predominant"":3,""predominant_recoded"":3}",16868,11055,"{""level"":1}"
95211-0197,Stockton,University of the Pacific,Pacific | UOP | University of Pacific | Pacific University | U. Pacific | Univ. of Pacific | U. of Pacific,CA,11,University of the Pacific Pacific | UOP | University of Pacific | Pacific University | U. Pacific | Univ. of Pacific | U. of Pacific,1,0,1,2,8,Western Association of Schools and Colleges Senior Colleges and University Commission,www.pacific.edu,6,0,1,0,17,10587,2,WASCSR,0.4884,14,,0,https://pacific.studentaidcalculator.com/survey.aspx,14,"{""annh"":0,""nant"":0,""aanipi"":1,""tribal"":0,""hispanic"":0,""historically_black"":0,""predominantly_black"":0}",,2,"{""approval_date"":""12/1/1965"",""eligibility_type"":1}","{""highest"":4,""predominant"":3,""predominant_recoded"":3}",32936,20858,"{""level"":1}"
90263,Malibu,Pepperdine University,Pepperdine University,CA,21,Pepperdine University Pepperdine University,1,0,1,2,8,Western Association of Schools and Colleges Senior Colleges and University Commission,www.pepperdine.edu/,6,0,1,0,17,12387,2,WASCSR,0.6016,14,,0,https://seaver.pepperdine.edu/admission/financial-aid/undergraduate/npc/,14,"{""annh"":0,""nant"":0,""aanipi"":0,""tribal"":0,""hispanic"":0,""historically_black"":0,""predominantly_black"":0}",74,2,"{""approval_date"":""12/1/1965"",""eligibility_type"":1}","{""highest"":4,""predominant"":3,""predominant_recoded"":3}",31625,12078,"{""level"":1}"
91711-6101,Claremont,Pitzer College,Pitzer|Pfizer|PZ|PTZ|PIT,CA,21,Pitzer College Pitzer|Pfizer|PZ|PTZ|PIT,1,0,1,2,8,Western Association of Schools and Colleges Senior Colleges and University Commission,https://www.pitzer.edu,6,0,1,0,21,11104,2,WASCSR,0.872,14,,0,https://npc.collegeboard.org/student/app/pitzer,11,"{""annh"":0,""nant"":0,""aanipi"":0,""tribal"":0,""hispanic"":0,""historically_black"":0,""predominantly_black"":0}",,2,"{""approval_date"":""1/1/1966"",""eligibility_type"":1}","{""highest"":3,""predominant"":3,""predominant_recoded"":3}",50757,24333,"{""level"":1}"
92106-2899,San Diego,Point Loma Nazarene University,PLNU,CA,11,Point Loma Nazarene University PLNU,1,0,1,2,8,Western Association of Schools and Colleges Senior Colleges and University Commission,www.pointloma.edu,6,0,1,0,18,10189,2,WASCSR,1,15,,0,www.pointloma.edu/NPC,14,"{""annh"":0,""nant"":0,""aanipi"":0,""tribal"":0,""hispanic"":0,""historically_black"":0,""predominantly_black"":0}",59,2,"{""approval_date"":""12/1/1965"",""eligibility_type"":1}","{""highest"":4,""predominant"":3,""predominant_recoded"":3}",21015,8576,"{""level"":1}"
91711-6319,Claremont,Pomona College,,CA,21,Pomona College,1,0,1,2,8,Western Association of Schools and Colleges Senior Colleges and University Commission,www.pomona.edu,6,0,1,0,21,13451,2,WASCSR,0.9375,14,,0,https://npc.collegeboard.org/student/app/pomona,11,"{""annh"":0,""nant"":0,""aanipi"":0,""tribal"":0,""hispanic"":0,""historically_black"":0,""predominantly_black"":0}",,2,"{""approval_date"":""1/1/1966"",""eligibility_type"":1}","{""highest"":3,""predominant"":3,""predominant_recoded"":3}",22245,37400,"{""level"":1}"
92373-0999,Redlands,University of Redlands,,CA,13,University of Redlands,1,0,1,2,8,Western Association of Schools and Colleges Senior Colleges and University Commission,www.redlands.edu,6,0,1,0,18,10242,2,WASCSR,0.9664,14,,0,www.redlands.edu/npc,14,"{""annh"":0,""nant"":0,""aanipi"":0,""tribal"":0,""hispanic"":0,""historically_black"":0,""predominantly_black"":0}",,2,"{""approval_date"":""12/1/1965"",""eligibility_type"":1}","{""highest"":4,""predominant"":3,""predominant_recoded"":3}",18560,11246,"{""level"":1}"
94609,Oakland,Samuel Merritt University,,CA,11,Samuel Merritt University,1,0,1,2,8,Western Association of Schools and Colleges Senior Colleges and University Commission,www.samuelmerritt.edu,6,0,1,0,26,10646,2,WASCSR,0.4387,7,,0,,9,"{""annh"":0,""nant"":0,""aanipi"":0,""tribal"":0,""hispanic"":0,""historically_black"":0,""predominantly_black"":0}",,,"{""approval_date"":""5/1/1967"",""eligibility_type"":1}","{""highest"":4,""predominant"":3,""predominant_recoded"":3}",28900,16839,"{""level"":1}"
92182-0001,San Diego,San Diego State University,,CA,11,San Diego State University,2,0,1,1,8,Western Association of Schools and Colleges Senior Colleges and University Commission,www.sdsu.edu,6,0,1,0,16,10903,1,WASCSR,0.5183,15,,0,https://www2.calstate.edu/attend/paying-for-college/pages/csu-costs.aspx,15,"{""annh"":0,""nant"":0,""aanipi"":1,""tribal"":0,""hispanic"":1,""historically_black"":0,""predominantly_black"":0}",,2,"{""approval_date"":""12/1/1965"",""eligibility_type"":1}","{""highest"":4,""predominant"":3,""predominant_recoded"":3}",6737,7092,"{""level"":1}"
92110-2492,San Diego,University of San Diego,USD,CA,11,University of San Diego USD,1,0,1,2,8,Western Association of Schools and Colleges Senior Colleges and University Commission,www.sandiego.edu,6,0,1,0,16,12284,2,WASCSR,0.5094,15,,0,www.sandiego.edu/admissions/undergraduate/tuition-financial-aid/net-price-calculator.php,13,"{""annh"":0,""nant"":0,""aanipi"":0,""tribal"":0,""hispanic"":0,""historically_black"":0,""predominantly_black"":0}",30,2,"{""approval_date"":""12/1/1965"",""eligibility_type"":1}","{""highest"":4,""predominant"":3,""predominant_recoded"":3}",29223,15581,"{""level"":1}"
94133-2299,San Francisco,San Francisco Art Institute,SFAI,CA,11,San Francisco Art Institute SFAI,1,0,1,2,8,Western Association of Schools and Colleges Senior Colleges and University Commission,www.sfai.edu,6,0,1,0,30,6928,2,WASCSR,0.191,13,,0,https://webadvisor.sfai.edu:8443/NetPriceCalculator/index.html,7,"{""annh"":0,""nant"":0,""aanipi"":0,""tribal"":0,""hispanic"":0,""historically_black"":0,""predominantly_black"":0}",,2,"{""approval_date"":""12/1/1965"",""eligibility_type"":1}","{""highest"":4,""predominant"":3,""predominant_recoded"":3}",28863,12125,"{""level"":1}"
94132,San Francisco,San Francisco State University,,CA,11,San Francisco State University,1,0,1,1,8,Western Association of Schools and Colleges Senior Colleges and University Commission,www.sfsu.edu,6,0,1,0,18,10744,1,WASCSR,0.4988,11,,0,financialaid.sfsu.edu/NPC/npcalc,15,"{""annh"":0,""nant"":0,""aanipi"":1,""tribal"":0,""hispanic"":1,""historically_black"":0,""predominantly_black"":0}",,2,"{""approval_date"":""12/1/1965"",""eligibility_type"":1}","{""highest"":4,""predominant"":3,""predominant_recoded"":3}",5482,7687,"{""level"":1}"
94117-1080,San Francisco,University of San Francisco,,CA,11,University of San Francisco,1,0,1,2,8,Western Association of Schools and Colleges Senior Colleges and University Commission,https://www.usfca.edu,6,0,1,0,17,12379,2,WASCSR,0.4199,15,,0,https://www.usfca.edu/admission/financial-aid/net-price-calculator,16,"{""annh"":0,""nant"":0,""aanipi"":1,""tribal"":0,""hispanic"":0,""historically_black"":0,""predominantly_black"":0}",30,2,"{""approval_date"":""12/1/1965"",""eligibility_type"":1}","{""highest"":4,""predominant"":3,""predominant_recoded"":3}",28022,17149,"{""level"":1}"
95765-3707,Rocklin,William Jessup University,San Jose Christian College,CA,41,William Jessup University San Jose Christian College,1,0,1,2,8,Western Association of Schools and Colleges Senior Colleges and University Commission,WWW.JESSUP.EDU,6,0,1,0,22,6907,2,WASCSR,0.2385,13,,0,www.jessup.edu/financial-aid/undergraduate/#tab_undergrad-net-price-calculator,11,"{""annh"":0,""nant"":0,""aanipi"":0,""tribal"":0,""hispanic"":0,""historically_black"":0,""predominantly_black"":0}",79,2,"{""approval_date"":""11/18/1988"",""eligibility_type"":1}","{""highest"":4,""predominant"":3,""predominant_recoded"":3}",15084,6985,"{""level"":1}"
95192-0001,San Jose,San Jose State University,,CA,11,San Jose State University,1,0,1,1,8,Western Association of Schools and Colleges Senior Colleges and University Commission,www.sjsu.edu,6,0,1,0,18,10626,1,WASCSR,0.4159,13,,0,https://www2.calstate.edu/attend/paying-for-college/Pages/csu-costs.aspx,15,"{""annh"":0,""nant"":0,""aanipi"":1,""tribal"":0,""hispanic"":1,""historically_black"":0,""predominantly_black"":0}",,2,"{""approval_date"":""12/1/1965"",""eligibility_type"":1}","{""highest"":4,""predominant"":3,""predominant_recoded"":3}",6385,7916,"{""level"":1}"
95053,Santa Clara,Santa Clara University,SCU,CA,12,Santa Clara University SCU,2,0,1,2,8,Western Association of Schools and Colleges Senior Colleges and University Commission,www.scu.edu,6,0,1,0,17,12700,2,WASCSR,0.6376,14,,0,https://www.scu.edu/financialaid/Net-Price-Calculator.cfm,14,"{""annh"":0,""nant"":0,""aanipi"":0,""tribal"":0,""hispanic"":0,""historically_black"":0,""predominantly_black"":0}",30,2,"{""approval_date"":""1/1/1965"",""eligibility_type"":1}","{""highest"":4,""predominant"":3,""predominant_recoded"":3}",32521,18198,"{""level"":1}"
91711-3905,Claremont,Scripps College,,CA,21,Scripps College,1,0,1,2,8,Western Association of Schools and Colleges Senior Colleges and University Commission,www.scrippscollege.edu,6,1,1,0,21,11478,2,WASCSR,0.7717,14,,0,https://npc.collegeboard.org/student/app/scrippscollege,11,"{""annh"":0,""nant"":0,""aanipi"":0,""tribal"":0,""hispanic"":0,""historically_black"":0,""predominantly_black"":0}",,2,"{""approval_date"":""1/1/1966"",""eligibility_type"":1}","{""highest"":4,""predominant"":3,""predominant_recoded"":3}",36851,27080,"{""level"":1}"
96002,Redding,Shasta Bible College and Graduate School,,CA,13,Shasta Bible College and Graduate School,1,0,1,2,8,Transnational Association of Christian Colleges and Schools,www.shasta.edu,6,0,1,0,24,3022,2,TRACS,,5,,0,https://www.shasta.edu/netpricecalc.html,7,"{""annh"":0,""nant"":0,""aanipi"":0,""tribal"":0,""hispanic"":0,""historically_black"":0,""predominantly_black"":0}",54,2,"{""approval_date"":""12/15/1986"",""eligibility_type"":1}","{""highest"":4,""predominant"":3,""predominant_recoded"":3}",5006,4228,"{""level"":1}"
96003-8606,Redding,Simpson University,Simpson College,CA,13,Simpson University Simpson College,1,0,1,2,8,Western Association of Schools and Colleges Senior Colleges and University Commission,www.simpsonu.edu,6,0,1,0,20,6463,2,WASCSR,1,13,,0,https://simpsonu.studentaidcalculator.com/survey.aspx,8,"{""annh"":0,""nant"":0,""aanipi"":0,""tribal"":0,""hispanic"":0,""historically_black"":0,""predominantly_black"":0}",34,2,"{""approval_date"":""12/1/1965"",""eligibility_type"":1}","{""highest"":4,""predominant"":3,""predominant_recoded"":3}",15211,8257,"{""level"":1}"
94575,Moraga,Saint Mary's College of California,St. Marys College of California | St Marys College of California,CA,21,Saint Mary's College of California St. Marys College of California | St Marys College of California,1,0,1,2,8,Western Association of Schools and Colleges Senior Colleges and University Commission,https://www.stmarys-ca.edu,6,0,1,0,18,10813,2,WASCSR,0.2358,14,,0,https://www.stmarys-ca.edu/admissions-aid/net-price-calculator,14,"{""annh"":0,""nant"":0,""aanipi"":1,""tribal"":0,""hispanic"":1,""historically_black"":0,""predominantly_black"":0}",30,2,"{""approval_date"":""12/1/1965"",""eligibility_type"":1}","{""highest"":4,""predominant"":3,""predominant_recoded"":3}",22631,13494,"{""level"":1}"
94928-3609,Rohnert Park,Sonoma State University,,CA,21,Sonoma State University,1,0,1,1,8,Western Association of Schools and Colleges Senior Colleges and University Commission,www.sonoma.edu,6,0,1,0,18,10197,1,WASCSR,0.4707,13,,0,https://www2.calstate.edu/attend/paying-for-college/Pages/csu-costs.aspx,13,"{""annh"":0,""nant"":0,""aanipi"":0,""tribal"":0,""hispanic"":1,""historically_black"":0,""predominantly_black"":0}",,2,"{""approval_date"":""12/1/1965"",""eligibility_type"":1}","{""highest"":4,""predominant"":3,""predominant_recoded"":3}",5615,7681,"{""level"":1}"
92626,Costa Mesa,Vanguard University of Southern California,Vanguard University,CA,12,Vanguard University of Southern California Vanguard University,1,0,1,2,8,Western Association of Schools and Colleges Senior Colleges and University Commission,https://www.vanguard.edu,6,0,1,0,20,8314,2,WASCSR,1,11,,0,https://www.vanguard.edu/admissions/net-price-calculator,11,"{""annh"":0,""nant"":0,""aanipi"":0,""tribal"":0,""hispanic"":1,""historically_black"":0,""predominantly_black"":0}",27,2,"{""approval_date"":""12/1/1965"",""eligibility_type"":1}","{""highest"":4,""predominant"":3,""predominant_recoded"":3}",16707,7423,"{""level"":1}"
90013-1822,Los Angeles,Southern California Institute of Architecture,SCI-Arc,CA,11,Southern California Institute of Architecture SCI-Arc,1,0,1,2,8,Western Association of Schools and Colleges Senior Colleges and University Commission,www.sciarc.edu,6,0,1,0,30,14128,2,WASCSR,0.4211,11,,0,www.sciarc.edu/admissions/financial-aid/cost-to-attend,6,"{""annh"":0,""nant"":0,""aanipi"":0,""tribal"":0,""hispanic"":0,""historically_black"":0,""predominantly_black"":0}",,1,"{""approval_date"":""8/17/1977"",""eligibility_type"":1}","{""highest"":4,""predominant"":3,""predominant_recoded"":3}",30865,11150,"{""level"":1}"
90089,Los Angeles,University of Southern California,USC,CA,11,University of Southern California USC,1,0,1,2,8,Western Association of Schools and Colleges Senior Colleges and University Commission,www.usc.edu/,6,0,1,0,15,14712,2,WASCSR,0.5931,15,,0,esdweb.esd.usc.edu/npc/,16,"{""annh"":0,""nant"":0,""aanipi"":0,""tribal"":0,""hispanic"":0,""historically_black"":0,""predominantly_black"":0}",,2,"{""approval_date"":""12/1/1965"",""eligibility_type"":1}","{""highest"":4,""predominant"":3,""predominant_recoded"":3}",37039,54509,"{""level"":1}"
93060,Santa Paula,Thomas Aquinas College,,CA,42,Thomas Aquinas College,1,0,1,2,8,Western Association of Schools and Colleges Senior Colleges and University Commission,https://thomasaquinas.edu,6,0,1,0,21,8997,2,WASCSR,0.9821,14,,0,https://thomasaquinas.edu/admission/net-price-calculator-financial-aid-calculator,8,"{""annh"":0,""nant"":0,""aanipi"":0,""tribal"":0,""hispanic"":0,""historically_black"":0,""predominantly_black"":0}",30,2,"{""approval_date"":""8/15/1986"",""eligibility_type"":1}","{""highest"":3,""predominant"":3,""predominant_recoded"":3}",15108,14793,"{""level"":1}"
93108-1089,Santa Barbara,Westmont College,,CA,22,Westmont College,1,0,1,2,8,Western Association of Schools and Colleges Senior Colleges and University Commission,www.westmont.edu,6,0,1,0,21,7816,2,WASCSR,0.5482,14,,0,www.westmont.edu/a/net-price-calculator.html,11,"{""annh"":0,""nant"":0,""aanipi"":0,""tribal"":0,""hispanic"":0,""historically_black"":0,""predominantly_black"":0}",108,2,"{""approval_date"":""1/1/1966"",""eligibility_type"":1}","{""highest"":3,""predominant"":3,""predominant_recoded"":3}",21257,16973,"{""level"":1}"
90601,Whittier,Whittier College,,CA,21,Whittier College,1,0,1,2,8,Western Association of Schools and Colleges Senior Colleges and University Commission,www.whittier.edu,6,0,1,0,21,8200,2,WASCSR,0.6878,12,,0,www.whittier.edu/financialaid/npc,11,"{""annh"":0,""nant"":0,""aanipi"":0,""tribal"":0,""hispanic"":1,""historically_black"":0,""predominantly_black"":0}",,2,"{""approval_date"":""1/1/1966"",""eligibility_type"":1}","{""highest"":4,""predominant"":3,""predominant_recoded"":3}",23764,15707,"{""level"":1}"
91504-1052,Burbank,Woodbury University,,CA,11,Woodbury University,1,0,1,2,8,Western Association of Schools and Colleges Senior Colleges and University Commission,https://woodbury.edu,6,0,1,0,19,7541,2,WASCSR,0.2788,11,,0,npc.collegeboard.org/student/app/woodburyim,9,"{""annh"":0,""nant"":0,""aanipi"":0,""tribal"":0,""hispanic"":1,""historically_black"":0,""predominantly_black"":0}",,2,"{""approval_date"":""12/1/1965"",""eligibility_type"":1}","{""highest"":4,""predominant"":3,""predominant_recoded"":3}",27284,15449,"{""level"":1}"
90046-7660,Los Angeles,Yeshiva Ohr Elchonon Chabad West Coast Talmudical Seminary,,CA,11,Yeshiva Ohr Elchonon Chabad West Coast Talmudical Seminary,1,1,1,2,8,Association of Advanced Rabbinical and Talmudic Schools,www.yoec.edu/,6,0,1,0,24,7069,2,AARTS,,13,,0,https://www.yoec.edu/net-price-calculator,8,"{""annh"":0,""nant"":0,""aanipi"":0,""tribal"":0,""hispanic"":0,""historically_black"":0,""predominantly_black"":0}",,2,"{""approval_date"":""11/7/1983"",""eligibility_type"":1}","{""highest"":3,""predominant"":3,""predominant_recoded"":3}",18557,16181,"{""level"":1}"
92123,San Diego,Ashford University,,CA,11,Ashford University,1,0,1,3,8,Western Association of Schools and Colleges Senior Colleges and University Commission,www.ashford.edu,6,0,1,1,18,6459,3,WASCSR,0.0795,11,,0,https://ashford.studentaidcalculator.com/survey.aspx,15,"{""annh"":0,""nant"":0,""aanipi"":0,""tribal"":0,""hispanic"":0,""historically_black"":0,""predominantly_black"":0}",,1,"{""approval_date"":""5/1/1967"",""eligibility_type"":1}","{""highest"":4,""predominant"":3,""predominant_recoded"":3}",13243,2478,"{""level"":1}"
94305,Stanford,Stanford University,,CA,21,Stanford University,1,0,1,2,8,Western Association of Schools and Colleges Senior Colleges and University Commission,www.stanford.edu/,6,0,1,0,15,20279,2,WASCSR,0.9853,14,,0,www.stanford.edu/dept/finaid/undergrad/how/calculator/,17,"{""annh"":0,""nant"":0,""aanipi"":0,""tribal"":0,""hispanic"":0,""historically_black"":0,""predominantly_black"":0}",,2,"{""approval_date"":""12/1/1965"",""eligibility_type"":1}","{""highest"":4,""predominant"":3,""predominant_recoded"":3}",24872,108509,"{""level"":1}"
90230-7615,Culver City,Antioch University-Los Angeles,AULA|Antioch|Antiok|Antioc|Antoich,CA,21,Antioch University-Los Angeles AULA|Antioch|Antiok|Antioc|Antoich,6,0,1,2,8,Higher Learning Commission,www.antiochla.edu,6,0,0,0,19,6065,2,NCACHE,,5,,0,,6,"{""annh"":0,""nant"":0,""aanipi"":0,""tribal"":0,""hispanic"":0,""historically_black"":0,""predominantly_black"":0}",,,"{""approval_date"":""4/21/1997"",""eligibility_type"":1}","{""highest"":4,""predominant"":3,""predominant_recoded"":3}",18625,9788,"{""level"":1}"
93101,Santa Barbara,Antioch University-Santa Barbara,AUSB,CA,13,Antioch University-Santa Barbara AUSB,6,0,1,2,8,Higher Learning Commission,www.antiochsb.edu,6,0,0,0,20,6370,2,NCACHE,,5,,0,www.antiochsb.edu/financial-aid/,6,"{""annh"":0,""nant"":0,""aanipi"":0,""tribal"":0,""hispanic"":0,""historically_black"":0,""predominantly_black"":0}",,,"{""approval_date"":""4/21/1997"",""eligibility_type"":1}","{""highest"":4,""predominant"":3,""predominant_recoded"":3}",19354,10171,"{""level"":1}"
92618,Irvine,Brandman University,,CA,11,Brandman University,1,0,1,2,8,Western Association of Schools and Colleges Senior Colleges and University Commission,www.brandman.edu/,6,0,1,0,17,8843,2,WASCSR,0.1143,5,,0,brandman.studentaidcalculator.com/survey.aspx,12,"{""annh"":0,""nant"":0,""aanipi"":0,""tribal"":0,""hispanic"":1,""historically_black"":0,""predominantly_black"":0}",,2,"{""approval_date"":""8/27/2010"",""eligibility_type"":1}","{""highest"":4,""predominant"":3,""predominant_recoded"":3}",14523,4412,"{""level"":1}"
92096-0001,San Marcos,California State University-San Marcos,,CA,21,California State University-San Marcos,1,0,1,1,8,Western Association of Schools and Colleges Senior Colleges and University Commission,www.csusm.edu,6,0,1,0,18,9790,1,WASCSR,0.4642,7,,0,https://www2.calstate.edu/attend/paying-for-college/Pages/csu-costs.aspx,15,"{""annh"":0,""nant"":0,""aanipi"":0,""tribal"":0,""hispanic"":1,""historically_black"":0,""predominantly_black"":0}",,2,"{""approval_date"":""6/25/1990"",""eligibility_type"":1}","{""highest"":4,""predominant"":3,""predominant_recoded"":3}",5828,7425,"{""level"":1}"
91016,Monrovia,Mt Sierra College,,CA,21,Mt Sierra College,1,0,0,3,8,,www.mtsierra.edu,6,0,1,0,22,3843,,,0.2143,11,,0,mtsierra.edu/netpricecalc,6,"{""annh"":0,""nant"":0,""aanipi"":0,""tribal"":0,""hispanic"":0,""historically_black"":0,""predominantly_black"":0}",,2,"{""approval_date"":""10/30/1996"",""eligibility_type"":1}","{""highest"":3,""predominant"":3,""predominant_recoded"":3}",14343,5506,"{""level"":1}"
92656-8081,Aliso Viejo,Soka University of America,Soka; SUA,CA,21,Soka University of America Soka; SUA,1,0,1,2,8,Western Association of Schools and Colleges Senior Colleges and University Commission,www.soka.edu,6,0,1,0,21,11822,2,WASCSR,0.679,14,,0,npc.collegeboard.org/app/soka,8,"{""annh"":0,""nant"":0,""aanipi"":0,""tribal"":0,""hispanic"":0,""historically_black"":0,""predominantly_black"":0}",,2,"{""approval_date"":""2/11/2004"",""eligibility_type"":1}","{""highest"":4,""predominant"":3,""predominant_recoded"":3}",6047,35179,"{""level"":1}"
90020,Los Angeles,World Mission University,,CA,11,World Mission University,1,0,1,2,8,Association for Bibical Higher Educaiton,www.wmu.edu,6,0,1,0,24,3580,2,ABHE,0.6923,5,,0,www.wmu.edu/financialcalculator/,6,"{""annh"":0,""nant"":0,""aanipi"":0,""tribal"":0,""hispanic"":0,""historically_black"":0,""predominantly_black"":0}",99,1,"{""approval_date"":""12/15/2004"",""eligibility_type"":1}","{""highest"":4,""predominant"":3,""predominant_recoded"":3}",6533,3971,"{""level"":1}"
93955-8001,Seaside,California State University-Monterey Bay,CSUMB,CA,22,California State University-Monterey Bay CSUMB,1,0,1,1,8,Western Association of Schools and Colleges Senior Colleges and University Commission,www.csumb.edu,6,0,1,0,19,9509,1,WASCSR,0.4977,13,,0,https://www2.calstate.edu/attend/paying-for-college/Pages/csu-costs.aspx,14,"{""annh"":0,""nant"":0,""aanipi"":0,""tribal"":0,""hispanic"":1,""historically_black"":0,""predominantly_black"":0}",,2,"{""approval_date"":""4/28/1998"",""eligibility_type"":1}","{""highest"":4,""predominant"":3,""predominant_recoded"":3}",5237,8301,"{""level"":1}"
90755-3612,Signal Hill,American University of Health Sciences,AUHS,CA,21,American University of Health Sciences AUHS,1,0,1,3,8,Western Association of Schools and Colleges Senior Colleges and University Commission,www.auhs.edu,6,0,1,0,26,9939,3,WASCSR,0.4844,11,,0,www.auhs.edu/media/resources/financial_aid/npcalc/npcalc.htm,6,"{""annh"":0,""nant"":0,""aanipi"":0,""tribal"":0,""hispanic"":0,""historically_black"":0,""predominantly_black"":0}",,1,"{""approval_date"":""1/27/1998"",""eligibility_type"":1}","{""highest"":4,""predominant"":3,""predominant_recoded"":3}",24872,11304,"{""level"":1}"
93012,Camarillo,California State University-Channel Islands,CSU Channel Islands,CA,22,California State University-Channel Islands CSU Channel Islands,1,0,1,1,8,Western Association of Schools and Colleges Senior Colleges and University Commission,www.csuci.edu,6,0,1,0,19,9690,1,WASCSR,0.5402,13,,0,https://www2.calstate.edu/attend/paying-for-college/Pages/csu-costs.aspx,12,"{""annh"":0,""nant"":0,""aanipi"":0,""tribal"":0,""hispanic"":1,""historically_black"":0,""predominantly_black"":0}",,2,"{""approval_date"":""8/16/2005"",""eligibility_type"":1}","{""highest"":4,""predominant"":3,""predominant_recoded"":3}",4677,8468,"{""level"":1}"
91606,North Hollywood,West Coast University-Los Angeles,,CA,11,West Coast University-Los Angeles,6,0,1,3,8,Western Association of Schools and Colleges Senior Colleges and University Commission,westcoastuniversity.edu/,6,0,1,0,26,8461,3,WASCSR,0.2216,11,,0,https://wcu.aidcalc.cloud,9,"{""annh"":0,""nant"":0,""aanipi"":0,""tribal"":0,""hispanic"":0,""historically_black"":0,""predominantly_black"":0}",,2,"{""approval_date"":""1/24/2003"",""eligibility_type"":1}","{""highest"":3,""predominant"":3,""predominant_recoded"":3}",31208,10149,"{""level"":1}"
92037,La Jolla,Northcentral University,,CA,11,Northcentral University,1,0,1,3,8,Western Association of Schools and Colleges Senior Colleges and University Commission,www.ncu.edu,6,0,1,1,17,6267,3,WASCSR,0.2627,5,,0,www.ncu.edu/NetPriceCalculator/npcalc.htm,12,"{""annh"":0,""nant"":0,""aanipi"":0,""tribal"":0,""hispanic"":0,""historically_black"":0,""predominantly_black"":0}",,,"{""approval_date"":""3/10/2004"",""eligibility_type"":1}","{""highest"":4,""predominant"":3,""predominant_recoded"":3}",17600,2748,"{""level"":1}"
95343-5603,Merced,University of California-Merced,UC Merced,CA,41,University of California-Merced UC Merced,1,0,1,1,8,Western Association of Schools and Colleges Senior Colleges and University Commission,ucmerced.edu,6,0,1,0,16,11225,1,WASCSR,0.9102,12,,0,finaidcalc.ucmerced.edu/,13,"{""annh"":0,""nant"":0,""aanipi"":1,""tribal"":0,""hispanic"":1,""historically_black"":0,""predominantly_black"":0}",,2,"{""approval_date"":""9/26/2007"",""eligibility_type"":1}","{""highest"":4,""predominant"":3,""predominant_recoded"":3}",9399,9530,"{""level"":1}"
92108,San Diego,United States University,USU,CA,11,United States University USU,1,0,1,3,8,Western Association of Schools and Colleges Senior Colleges and University Commission,https://www.usuniversity.edu/,6,0,1,0,19,6556,3,WASCSR,1,11,,0,https://www.usuniversity.edu/net-price-calculator/,6,"{""annh"":0,""nant"":0,""aanipi"":0,""tribal"":0,""hispanic"":0,""historically_black"":0,""predominantly_black"":0}",,1,"{""approval_date"":""3/10/2006"",""eligibility_type"":1}","{""highest"":4,""predominant"":3,""predominant_recoded"":3}",10871,6836,"{""level"":1}"
94608,Emeryville,SAE Expression College,Ex'pression College,CA,21,SAE Expression College Ex'pression College,1,0,1,3,8,Accrediting Commission of Career Schools and Colleges,usa.sae.edu/campuses/emeryville/,6,0,1,0,30,4282,3,ACCSC,1,11,,0,usa.sae.edu/admissions/financial-aid/,6,"{""annh"":0,""nant"":0,""aanipi"":0,""tribal"":0,""hispanic"":0,""historically_black"":0,""predominantly_black"":0}",,1,"{""approval_date"":""8/18/2005"",""eligibility_type"":1}","{""highest"":3,""predominant"":3,""predominant_recoded"":3}",14361,3933,"{""level"":1}"
95762,El Dorado Hills,SUM Bible College and Theological Seminary,School of Urban Missions,CA,41,SUM Bible College and Theological Seminary School of Urban Missions,1,0,1,2,8,Western Association of Schools and Colleges Senior Colleges and University Commission,www.sum.edu,6,0,1,0,24,2959,2,WASCSR,0.2857,11,,0,www.sum.edu/net-price-calculator/,6,"{""annh"":0,""nant"":0,""aanipi"":0,""tribal"":0,""hispanic"":0,""historically_black"":0,""predominantly_black"":0}",27,2,"{""approval_date"":""7/28/2005"",""eligibility_type"":1}","{""highest"":4,""predominant"":3,""predominant_recoded"":3}",5656,2958,"{""level"":1}"
91770,Rosemead,University of the West,UWest,CA,21,University of the West UWest,1,0,1,2,8,Western Association of Schools and Colleges Senior Colleges and University Commission,www.uwest.edu,6,0,1,0,21,7034,2,WASCSR,1,11,,0,www.uwest.edu/net-price-calculator/,8,"{""annh"":0,""nant"":0,""aanipi"":0,""tribal"":0,""hispanic"":0,""historically_black"":0,""predominantly_black"":0}",,1,"{""approval_date"":""9/14/2006"",""eligibility_type"":1}","{""highest"":4,""predominant"":3,""predominant_recoded"":3}",17105,14758,"{""level"":1}"
90630-5041,Cypress,Trident University International,TUI,CA,21,Trident University International TUI,1,0,0,3,8,,www.trident.edu/,6,0,1,1,17,6112,,,0.1017,5,,0,https://trident.studentaidcalculator.com/survey.aspx,12,"{""annh"":0,""nant"":0,""aanipi"":0,""tribal"":0,""hispanic"":0,""historically_black"":0,""predominantly_black"":0}",,2,"{""approval_date"":""10/4/2007"",""eligibility_type"":1}","{""highest"":4,""predominant"":3,""predominant_recoded"":3}",7737,1487,"{""level"":1}"
90017,Los Angeles,The Chicago School of Professional Psychology at Los Angeles,,CA,11,The Chicago School of Professional Psychology at Los Angeles,7,0,1,2,8,Western Association of Schools and Colleges Senior Colleges and University Commission,www.thechicagoschool.edu/,6,0,1,0,26,7678,2,WASCSR,0.7407,5,,0,www.thechicagoschool.edu/admissions/financial-aid/tuition-and-fees/,6,"{""annh"":0,""nant"":0,""aanipi"":0,""tribal"":0,""hispanic"":1,""historically_black"":0,""predominantly_black"":0}",,2,"{""approval_date"":""10/10/1980"",""eligibility_type"":1}","{""highest"":4,""predominant"":3,""predominant_recoded"":3}",28643,10855,"{""level"":1}"
91101,Pasadena,Providence Christian College,,CA,12,Providence Christian College,1,0,1,2,8,Western Association of Schools and Colleges Senior Colleges and University Commission,www.providencecc.edu,6,0,1,0,21,5016,2,WASCSR,0.3478,11,,0,www.providencecc.edu/NetPriceCalculator/npcalc.htm,8,"{""annh"":0,""nant"":0,""aanipi"":0,""tribal"":0,""hispanic"":0,""historically_black"":0,""predominantly_black"":0}",88,2,"{""approval_date"":""7/24/2009"",""eligibility_type"":1}","{""highest"":3,""predominant"":3,""predominant_recoded"":3}",20188,23240,"{""level"":1}"
92802,Anaheim,West Coast University-Orange County,,CA,11,West Coast University-Orange County,6,0,1,3,8,Western Association of Schools and Colleges Senior Colleges and University Commission,westcoastuniversity.edu/,6,0,0,0,26,7912,3,WASCSR,0.1592,11,,0,https://wcu.aidcalc.cloud,9,"{""annh"":0,""nant"":0,""aanipi"":0,""tribal"":0,""hispanic"":0,""historically_black"":0,""predominantly_black"":0}",,2,"{""approval_date"":""1/4/2007"",""eligibility_type"":1}","{""highest"":4,""predominant"":3,""predominant_recoded"":3}",25773,8382,"{""level"":1}"
91761,Ontario,West Coast University-Ontario,,CA,12,West Coast University-Ontario,6,0,1,3,8,Western Association of Schools and Colleges Senior Colleges and University Commission,westcoastuniversity.edu/,6,0,0,0,26,8072,3,WASCSR,0.2013,11,,0,https://wcu.aidcalc.cloud,9,"{""annh"":0,""nant"":0,""aanipi"":0,""tribal"":0,""hispanic"":0,""historically_black"":0,""predominantly_black"":0}",,2,"{""approval_date"":""1/17/2008"",""eligibility_type"":1}","{""highest"":3,""predominant"":3,""predominant_recoded"":3}",31033,10092,"{""level"":1}"
90720,Los Alamitos,Touro University Worldwide,TUW,CA,21,Touro University Worldwide TUW,1,0,1,2,8,Western Association of Schools and Colleges Senior Colleges and University Commission,www.tuw.edu,6,0,1,0,18,5781,2,WASCSR,0.1062,5,,0,www.tuw.edu/admissions/tuition/financial-aid-information/,6,"{""annh"":0,""nant"":0,""aanipi"":0,""tribal"":0,""hispanic"":0,""historically_black"":0,""predominantly_black"":0}",,1,"{""approval_date"":""5/17/2010"",""eligibility_type"":1}","{""highest"":4,""predominant"":3,""predominant_recoded"":3}",8805,4643,"{""level"":1}"
92801,Anaheim,California University of Management and Sciences,CalUMS,CA,11,California University of Management and Sciences CalUMS,1,0,1,2,8,,www.calums.edu,6,0,1,0,19,4692,,,,10,,0,www.calums.edu,6,"{""annh"":0,""nant"":0,""aanipi"":0,""tribal"":0,""hispanic"":0,""historically_black"":0,""predominantly_black"":0}",,1,"{""approval_date"":""7/14/2011"",""eligibility_type"":5}","{""highest"":4,""predominant"":3,""predominant_recoded"":3}",12126,3326,"{""level"":1}"
94951,Penngrove,Bergin University of Canine Studies,Assistance Dog Institute,CA,23,Bergin University of Canine Studies Assistance Dog Institute,1,0,1,2,8,Accrediting Council for Independent Colleges and Schools,www.berginu.edu,6,0,1,0,32,3351,2,ACICS,,11,,0,www.berginu.edu/net-price-calculator.html,6,"{""annh"":0,""nant"":0,""aanipi"":0,""tribal"":0,""hispanic"":0,""historically_black"":0,""predominantly_black"":0}",,,"{""approval_date"":""10/29/2010"",""eligibility_type"":1}","{""highest"":4,""predominant"":3,""predominant_recoded"":2}",9579,10282,"{""level"":1}"
92025,Escondido,John Paul the Great Catholic University,,CA,21,John Paul the Great Catholic University,1,0,1,2,8,Western Association of Schools and Colleges Senior Colleges and University Commission,https://jpcatholic.edu/,6,0,1,0,22,6583,2,WASCSR,0.3846,13,,0,https://jpcatholic.edu/admission/cost/npcalc.html,8,"{""annh"":0,""nant"":0,""aanipi"":0,""tribal"":0,""hispanic"":0,""historically_black"":0,""predominantly_black"":0}",30,2,"{""approval_date"":""6/23/2011"",""eligibility_type"":1}","{""highest"":4,""predominant"":3,""predominant_recoded"":3}",13927,14708,"{""level"":1}"
91773-1741,San Dimas,Los Angeles Pacific University,Azusa Pacific's University College,CA,21,Los Angeles Pacific University Azusa Pacific's University College,1,0,1,2,8,Western Association of Schools and Colleges Senior Colleges and University Commission,https://www.lapu.edu,6,0,1,1,20,7120,2,WASCSR,1,5,,0,https://studentservices.lapu.edu/netprice/index.html,9,"{""annh"":0,""nant"":0,""aanipi"":0,""tribal"":0,""hispanic"":1,""historically_black"":0,""predominantly_black"":0}",88,1,"{""approval_date"":""7/26/2018"",""eligibility_type"":1}","{""highest"":4,""predominant"":3,""predominant_recoded"":3}",12616,1902,"{""level"":1}"
90211,Beverly Hills,Beverly Hills Design Institute,,CA,21,Beverly Hills Design Institute,1,0,1,3,8,Accrediting Council for Independent Colleges and Schools,https://www.bhdi.edu,6,0,1,0,30,2000,3,ACICS,,8,,0,https://www.bhdi.edu/NetPrice/npcalc.htm,6,"{""annh"":0,""nant"":0,""aanipi"":0,""tribal"":0,""hispanic"":0,""historically_black"":0,""predominantly_black"":0}",,2,"{""approval_date"":""7/12/2011"",""eligibility_type"":1}","{""highest"":3,""predominant"":3,""predominant_recoded"":2}",40453,8060,"{""level"":1}"
92108,San Diego,California Miramar University,,CA,11,California Miramar University,1,0,1,3,8,Distance Education Accrediting Commission,www.calmu.edu,6,0,1,0,29,,3,DETC,,11,,0,https://www.calmu.edu/net-price-calculator/,6,"{""annh"":0,""nant"":0,""aanipi"":0,""tribal"":0,""hispanic"":0,""historically_black"":0,""predominantly_black"":0}",,2,"{""approval_date"":""9/28/2012"",""eligibility_type"":1}","{""highest"":4,""predominant"":3,""predominant_recoded"":1}",10238,2464,"{""level"":1}"
92833-3860,Fullerton,Grace Mission University,,CA,21,Grace Mission University,1,0,1,2,8,Transnational Association of Christian Colleges and Schools,www.gm.edu,6,0,1,0,24,5417,2,TRACS,,5,,0,https://www.raise.me/edu/grace-mission-university,6,"{""annh"":0,""nant"":0,""aanipi"":1,""tribal"":0,""hispanic"":0,""historically_black"":0,""predominantly_black"":0}",66,2,"{""approval_date"":""12/20/2012"",""eligibility_type"":1}","{""highest"":4,""predominant"":3,""predominant_recoded"":3}",7633,1258,"{""level"":1}"
91764,Ontario,DeVry University-California,DeVry University-Colton  DeVry University-Folsom  DeVry University-Newark  DeVry University-Fresno  DeVry University-Long Beach  DeVry University-Ontario  DeVry University-San Diego  DeVry University-San Jose  DeVry University-Sherman Oaks,CA,12,DeVry University-California DeVry University-Colton  DeVry University-Folsom  DeVry University-Newark  DeVry University-Fresno  DeVry University-Long Beach  DeVry University-Ontario  DeVry University-San Diego  DeVry University-San Jose  DeVry University-Sherman Oaks,17,0,1,3,8,Higher Learning Commission,https://www.devry.edu,6,0,0,0,18,7936,3,NCACHE,0.13,5,,0,https://my.devry.edu/npc,9,"{""annh"":0,""nant"":0,""aanipi"":0,""tribal"":0,""hispanic"":0,""historically_black"":0,""predominantly_black"":0}",,2,"{""approval_date"":""6/26/2002"",""eligibility_type"":1}","{""highest"":4,""predominant"":3,""predominant_recoded"":3}",21547,3231,"{""level"":1}"
91761,Ontario,University of Phoenix-California,,CA,12,University of Phoenix-California,19,0,1,3,8,Higher Learning Commission,https://www.phoenix.edu,6,0,0,0,18,10004,3,NCACHE,0.0244,11,,0,https://www.phoenix.edu/tuition_and_financial_options/financial-plan-services/tell-us-about-yourself,12,"{""annh"":0,""nant"":0,""aanipi"":0,""tribal"":0,""hispanic"":0,""historically_black"":0,""predominantly_black"":0}",,1,"{""approval_date"":""1/4/1979"",""eligibility_type"":1}","{""highest"":4,""predominant"":3,""predominant_recoded"":3}",11191,2364,"{""level"":1}"
92614-5636,Irvine,California Intercontinental University,,CA,11,California Intercontinental University,1,0,1,3,8,Distance Education Accrediting Commission,https://www.caluniversity.edu,6,0,1,1,29,4583,3,DETC,0,5,,0,https://www.caluniversity.edu/assets/financial_aid/net_price_calculator/,6,"{""annh"":0,""nant"":0,""aanipi"":0,""tribal"":0,""hispanic"":0,""historically_black"":0,""predominantly_black"":0}",,1,"{""approval_date"":""6/19/2015"",""eligibility_type"":1}","{""highest"":4,""predominant"":3,""predominant_recoded"":3}",9732,1637,"{""level"":1}"
94704-1268,Berkeley,California Jazz Conservatory,,CA,12,California Jazz Conservatory,1,0,1,2,8,National Association of Schools of Music,www.cjc.edu,6,0,1,0,30,5969,2,NASM,,5,,0,https://cjc.edu/baccalaureate-program/financial-aid/net-price-calculator/,6,"{""annh"":0,""nant"":0,""aanipi"":0,""tribal"":0,""hispanic"":0,""historically_black"":0,""predominantly_black"":0}",,2,"{""approval_date"":""4/28/2015"",""eligibility_type"":1}","{""highest"":3,""predominant"":3,""predominant_recoded"":3}",36182,26078,"{""level"":1}"
90017-2019,Los Angeles,Hussian College-Los Angeles,,CA,11,Hussian College-Los Angeles,7,0,1,3,8,Accrediting Commission of Career Schools and Colleges,relativityschool.org/,6,0,0,0,-2,,3,ACCSC,0.1699,-2,,0,https://studioschool.org/tuition-financial-aid/tools-calculators/net-price-calculator/,-2,"{""annh"":0,""nant"":0,""aanipi"":0,""tribal"":0,""hispanic"":0,""historically_black"":0,""predominantly_black"":0}",,2,"{""approval_date"":""10/6/2014"",""eligibility_type"":1}","{""highest"":4,""predominant"":3,""predominant_recoded"":3}",22183,10691,"{""level"":1}"
92069,San Marcos,University of Saint Katherine,,CA,21,University of Saint Katherine,1,0,1,2,8,Western Association of Schools and Colleges Senior Colleges and University Commission,www.usk.edu,6,0,1,0,-2,4750,2,WASCSR,0.2609,-2,,0,www.usk.edu/net-price-calculator,-2,"{""annh"":0,""nant"":0,""aanipi"":0,""tribal"":0,""hispanic"":1,""historically_black"":0,""predominantly_black"":0}",91,1,"{""approval_date"":""12/30/2016"",""eligibility_type"":1}","{""highest"":3,""predominant"":3,""predominant_recoded"":null}",13307,4845,"{""level"":1}"
95670,Rancho Cordova,Chamberlain University-California,Chamberlain College of Nursing-Sacramento,CA,13,Chamberlain University-California Chamberlain College of Nursing-Sacramento,15,0,1,3,8,Higher Learning Commission,https://www.chamberlain.edu/,6,0,0,0,-2,9172,3,NCACHE,0.1818,-2,,0,https://www.chamberlain.edu/admissions/financial-aid-scholarships/calculator,-2,"{""annh"":0,""nant"":0,""aanipi"":0,""tribal"":0,""hispanic"":0,""historically_black"":0,""predominantly_black"":0}",,2,"{""approval_date"":""8/10/2016"",""eligibility_type"":1}","{""highest"":0,""predominant"":3,""predominant_recoded"":3}",24096,9333,"{""level"":1}"
90670-5647,Santa Fe Springs,Presbyterian Theological Seminary in America,,CA,21,Presbyterian Theological Seminary in America,1,0,1,2,8,Association for Bibical Higher Educaiton,ptsa.edu,6,0,1,0,24,1342,2,ABHE,,5,,0,ptsa.edu/net-price-calculator,6,"{""annh"":0,""nant"":0,""aanipi"":1,""tribal"":0,""hispanic"":0,""historically_black"":0,""predominantly_black"":0}",66,1,"{""approval_date"":""9/12/2016"",""eligibility_type"":1}","{""highest"":4,""predominant"":3,""predominant_recoded"":3}",5217,1008,"{""level"":1}"
92110,San Diego,Southern States University,,CA,11,Southern States University,1,0,1,3,8,Accrediting Council for Independent Colleges and Schools,www.ssu.edu/,6,0,1,0,29,4375,3,ACICS,,10,,0,www.ssu.edu/wp-content/uploads/npcalc.htm,6,"{""annh"":0,""nant"":0,""aanipi"":0,""tribal"":0,""hispanic"":0,""historically_black"":0,""predominantly_black"":0}",,2,"{""approval_date"":""7/25/2016"",""eligibility_type"":1}","{""highest"":4,""predominant"":3,""predominant_recoded"":null}",8479,4713,"{""level"":1}"
90006-5860,Los Angeles,America Evangelical University,,CA,11,America Evangelical University,1,0,1,2,8,Association for Bibical Higher Educaiton,www.aeu.edu/,6,0,1,0,24,3000,2,ABHE,,10,,0,it21inc.net/demos/netprice-calculator/Theology/npcalc.htm,6,"{""annh"":0,""nant"":0,""aanipi"":0,""tribal"":0,""hispanic"":0,""historically_black"":0,""predominantly_black"":0}",89,1,"{""approval_date"":""11/14/2016"",""eligibility_type"":1}","{""highest"":4,""predominant"":3,""predominant_recoded"":null}",6635,6471,"{""level"":1}"
92606,Irvine,Westcliff University,,CA,11,Westcliff University,1,0,1,3,8,Western Association of Schools and Colleges Senior Colleges and University Commission,www.westcliff.edu/,6,0,1,0,29,3517,3,WASCSR,0.3385,15,,0,www.westcliff.edu/admissions/netprice,9,"{""annh"":0,""nant"":0,""aanipi"":0,""tribal"":0,""hispanic"":0,""historically_black"":0,""predominantly_black"":0}",,2,"{""approval_date"":""7/6/2016"",""eligibility_type"":1}","{""highest"":4,""predominant"":3,""predominant_recoded"":3}",3852,587,"{""level"":1}"
94621-2041,Oakland,Oikos University,,CA,11,Oikos University,1,0,0,2,8,,www.oikos.edu,6,0,1,0,-2,1813,,,,-2,,0,www.oikos.edu,-2,"{""annh"":0,""nant"":0,""aanipi"":0,""tribal"":0,""hispanic"":0,""historically_black"":0,""predominantly_black"":0}",103,2,"{""approval_date"":""7/24/2017"",""eligibility_type"":1}","{""highest"":4,""predominant"":3,""predominant_recoded"":null}",19328,6274,"{""level"":1}"
